,Model,Ticker,Weight,Marginal Risk Contribution,Component Risk,Component Variance,Risk Contribution %,Portfolio Volatility
0,Simulated (Max Sharpe Ratio),PPG,0.005486504456055985,0.2013661078669396,0.0011047960481106144,0.00020993730152358552,0.005813994459596808,0.19002358116922427
1,Simulated (Max Sharpe Ratio),DELL,0.047984313848136374,0.09800988598287948,0.004702937129222551,0.00089366895530858,0.024749229018236323,0.19002358116922427
2,Simulated (Max Sharpe Ratio),QCOM,0.034927243703516166,0.2569564581294243,0.00897478083427875,0.0017054199943385662,0.04722982684073465,0.19002358116922427
3,Simulated (Max Sharpe Ratio),AMAT,0.01131371649433991,0.2960713893162027,0.0033496677608088558,0.0006365158636359952,0.017627642528354574,0.19002358116922427
4,Simulated (Max Sharpe Ratio),MRK,0.024265893525333065,0.12314097968498611,0.002988125901641075,0.0005678143848143542,0.015725026774335016,0.19002358116922427
5,Simulated (Max Sharpe Ratio),AME,0.02464895169904436,0.19484113057081395,0.004802629616427188,0.0009126128787428722,0.02527386120646909,0.19002358116922427
6,Simulated (Max Sharpe Ratio),PG,0.02127023939646143,0.09419406184945103,0.002003530245262918,0.0003807179921857139,0.010543587448121434,0.19002358116922427
7,Simulated (Max Sharpe Ratio),CL,0.010087759391473994,0.09331820779409686,0.0009413716270704223,0.0001788828077870211,0.004953972666329711,0.19002358116922427
8,Simulated (Max Sharpe Ratio),V,0.04493288374046252,0.14597006524445774,0.006558855971216948,0.001246337300023795,0.034516010754349485,0.19002358116922427
9,Simulated (Max Sharpe Ratio),MA,0.04294400364160492,0.1754216653814151,0.007533308636955891,0.001431506285247406,0.03964407254406573,0.19002358116922427
10,Simulated (Max Sharpe Ratio),MU,0.00583248777465857,0.33561392293264763,0.0019574641025098707,0.0003719643387691272,0.01030116415270936,0.19002358116922427
11,Simulated (Max Sharpe Ratio),T,0.0008552441052607702,0.12557772518409768,0.0001073996092157565,2.0408458359353275e-05,0.0005651909544853408,0.19002358116922427
12,Simulated (Max Sharpe Ratio),JPM,0.0004965179278643862,0.2514993965290867,0.00012487395922376572,2.372899692647965e-05,0.0006571498045422059,0.19002358116922427
13,Simulated (Max Sharpe Ratio),JNJ,0.022547675388318717,0.09436594530140975,0.002127732702368027,0.00040431938787484367,0.011197203469569327,0.19002358116922427
14,Simulated (Max Sharpe Ratio),INTC,0.012550206922461678,0.25524282602853365,0.0032033502821319846,0.0006087120923501647,0.016857646100666115,0.19002358116922427
15,Simulated (Max Sharpe Ratio),GE,0.014256923518072478,0.21858958331998282,0.0031164149712403265,0.0005921923332444719,0.016400148613476676,0.19002358116922427
16,Simulated (Max Sharpe Ratio),MS,0.0007475507857286522,0.3179455910559307,0.00023768047641282172,4.5164895301971716e-05,0.0012507946379621004,0.19002358116922427
17,Simulated (Max Sharpe Ratio),RTX,0.007996310013576466,0.18735850557594586,0.001498176694265658,0.00028468890066863034,0.007884161981619882,0.19002358116922427
18,Simulated (Max Sharpe Ratio),TXN,0.01953251206457974,0.24688032904052495,0.004822193005491469,0.0009163303839926738,0.02537681363449885,0.19002358116922427
19,Simulated (Max Sharpe Ratio),IBM,0.008588605389507746,0.16148936063646752,0.001386968393110525,0.0002635567010273864,0.007298927767682523,0.19002358116922427
20,Simulated (Max Sharpe Ratio),SPGI,0.021323517536073432,0.1915477901065449,0.0040844726613330235,0.0007761461222942932,0.021494556813428444,0.19002358116922427
21,Simulated (Max Sharpe Ratio),LMT,0.03955356598250891,0.11869759630117402,0.0046949132072636925,0.0008921442209229353,0.0247070030907515,0.19002358116922427
22,Simulated (Max Sharpe Ratio),ADP,0.013130470792607324,0.159522820794293,0.0020946097391937963,0.00039802524379354003,0.011022893718272022,0.19002358116922427
23,Simulated (Max Sharpe Ratio),COF,0.009251532607058612,0.2935470906374736,0.0027157604807397763,0.0005160585321480264,0.01429170245097777,0.19002358116922427
24,Simulated (Max Sharpe Ratio),WDC,0.04590895550710076,0.3375587799284109,0.015496971008764631,0.0029447899283611013,0.08155288366533785,0.19002358116922427
25,Simulated (Max Sharpe Ratio),ABT,0.047014990882626735,0.12196994046154076,0.0057344156387538646,0.0010896741955888141,0.030177389582228313,0.19002358116922427
26,Simulated (Max Sharpe Ratio),GILD,0.04211622927193693,0.1754456869834879,0.007389110777769057,0.0014041052916477883,0.03888523062402835,0.19002358116922427
27,Simulated (Max Sharpe Ratio),UNP,0.050760184836706246,0.18759939686553942,0.009522580060149392,0.0018095147650002345,0.05011262287320603,0.19002358116922427
28,Simulated (Max Sharpe Ratio),ADI,0.006545301160670145,0.26308134758168844,0.001721946649677091,0.0003272104689539885,0.009061752436628497,0.19002358116922427
29,Simulated (Max Sharpe Ratio),TMUS,0.014625933609414218,0.1354702894353172,0.0019813794593290775,0.00037650882051685266,0.010427018831755269,0.19002358116922427
30,Simulated (Max Sharpe Ratio),MMM,0.04163509375859926,0.168357306199179,0.007009572228548021,0.001331984017333035,0.03688790720297862,0.19002358116922427
31,Simulated (Max Sharpe Ratio),ADBE,0.019143281045635993,0.24642342472677428,0.004717352875772766,0.0008964082870932797,0.024825091953044276,0.19002358116922427
32,Simulated (Max Sharpe Ratio),AXP,0.0031658784603002454,0.25324372950454777,0.0008017388684445495,0.00015234929094439488,0.004219154609714286,0.19002358116922427
33,Simulated (Max Sharpe Ratio),BA,0.04568114521771257,0.2291886976146895,0.010469602177995046,0.0019894712992797286,0.05509633127412438,0.19002358116922427
34,Simulated (Max Sharpe Ratio),CVX,0.009233838441310163,0.16115410828315863,0.0014880710000400906,0.0002827685804616869,0.007830980717676815,0.19002358116922427
35,Simulated (Max Sharpe Ratio),CSCO,0.014888512639641601,0.22874680652779855,0.0034056997202667806,0.000647163257232119,0.017922510981591578,0.19002358116922427
36,Simulated (Max Sharpe Ratio),DD,0.033293623716258776,0.23684974963685498,0.007885586441699548,0.0014984473752712286,0.041497936167601696,0.19002358116922427
37,Simulated (Max Sharpe Ratio),XOM,0.0006365079326224541,0.14876243682601983,9.468847111600832e-05,1.7993042376902553e-05,0.0004982985297581783,0.19002358116922427
38,Simulated (Max Sharpe Ratio),FDX,0.032560496210717264,0.20955204501427624,0.006823118567635395,0.0012965534249643057,0.03590669392531399,0.19002358116922427
39,Simulated (Max Sharpe Ratio),GS,0.011268408768159726,0.24868584856195225,0.0028022937964527444,0.0005325019026902518,0.014747084436626735,0.19002358116922427
40,Simulated (Max Sharpe Ratio),GM,0.006600177706784487,0.12155249770299761,0.0008022680855432975,0.00015244985467271493,0.004221939617214364,0.19002358116922427
41,Simulated (Max Sharpe Ratio),HAS,0.008414447912998578,0.1665037247473146,0.001401036919206531,0.0002662300527379221,0.007372963453198191,0.19002358116922427
42,Simulated (Max Sharpe Ratio),JBL,0.025085699563575807,0.3108820563460861,0.007798693865204562,0.0014819357367086305,0.04104066357037806,0.19002358116922427
43,Simulated (Max Sharpe Ratio),KMB,0.005507352423522701,0.08745899757926466,0.0004816675222770293,9.152818751598822e-05,0.002534777627667607,0.19002358116922427
44,Simulated (Max Sharpe Ratio),KLAC,0.007832888317118989,0.2947615033301265,0.002308833935770978,0.0004387328928002359,0.012150249571998437,0.19002358116922427
45,Simulated (Max Sharpe Ratio),LOW,0.04531379623593741,0.20632347336910087,0.009349299830938296,0.001776587435299718,0.049200734842547444,0.19002358116922427
46,Simulated (Max Sharpe Ratio),MKC,0.011769932148716128,0.09163567292960341,0.0010785456527833755,0.0002049491073963957,0.0056758516292927,0.19002358116922427
47,Simulated (Max Sharpe Ratio),NEM,0.012840228776439458,0.08024195809017903,0.0010303250993473657,0.00019578606514652323,0.005422090737411249,0.19002358116922427
48,Simulated (Max Sharpe Ratio),OLN,0.00286650688073515,0.24711228483173805,0.0007083490647843614,0.0001346030260081952,0.0037276903236211807,0.19002358116922427
49,Simulated (Max Sharpe Ratio),PH,0.010765957870051978,0.2404262980314081,0.0025884193954587003,0.0004918607230929408,0.013621569383820843,0.19002358116922427
50,Equal-Weight,PPG,0.02,0.20483522943627508,0.004096704588725502,0.0008174259744040541,0.020531508678226493,0.199532564943463
51,Equal-Weight,DELL,0.02,0.08748230663001132,0.0017496461326002265,0.00034911138058113354,0.008768724709653203,0.199532564943463
52,Equal-Weight,QCOM,0.02,0.2550385957199054,0.005100771914398108,0.0010177701032714325,0.02556360620053873,0.199532564943463
53,Equal-Weight,AMAT,0.02,0.3089525794075803,0.006179051588151606,0.0012329220123018685,0.030967634731215044,0.199532564943463
54,Equal-Weight,MRK,0.02,0.12110583893123696,0.002422116778624739,0.00048329117343159217,0.012138954758142056,0.199532564943463
55,Equal-Weight,AME,0.02,0.1948090754225793,0.0038961815084515863,0.0007774150898666358,0.019526544499418222,0.199532564943463
56,Equal-Weight,PG,0.02,0.09340828409521744,0.0018681656819043487,0.00037275989024972833,0.009362710705561713,0.199532564943463
57,Equal-Weight,CL,0.02,0.09374760911906961,0.0018749521823813921,0.00037411401809690287,0.009396722699939505,0.199532564943463
58,Equal-Weight,V,0.02,0.13999552277629282,0.0027999104555258563,0.0005586733148030941,0.014032348335316611,0.199532564943463
59,Equal-Weight,MA,0.02,0.16835548495447133,0.0033671096990894266,0.0006718480347053252,0.01687498830099983,0.199532564943463
60,Equal-Weight,MU,0.02,0.35467196910977594,0.007093439382195519,0.0014153721542004454,0.03555028415640036,0.199532564943463
61,Equal-Weight,T,0.02,0.13232674522435992,0.0026465349044871985,0.0005280698977047335,0.013263674053591636,0.199532564943463
62,Equal-Weight,JPM,0.02,0.2676340535327331,0.0053526810706546624,0.0010680341833520465,0.026826102657334806,0.199532564943463
63,Equal-Weight,JNJ,0.02,0.09220451921618412,0.0018440903843236825,0.0003679560843716808,0.009242052217622724,0.199532564943463
64,Equal-Weight,INTC,0.02,0.2652723270987717,0.005305446541975434,0.0010586093566907846,0.026589376743985215,0.199532564943463
65,Equal-Weight,GE,0.02,0.2242972379325603,0.004485944758651206,0.0008950920638883591,0.022482268796185152,0.199532564943463
66,Equal-Weight,MS,0.02,0.3398720347682171,0.006797440695364342,0.0013563107769971239,0.03406682361493413,0.199532564943463
67,Equal-Weight,RTX,0.02,0.1897283629729516,0.003794567259459032,0.0007571397381303477,0.01901728302111594,0.199532564943463
68,Equal-Weight,TXN,0.02,0.256839275898166,0.00513678551796332,0.0010249559899636565,0.02574409605479093,0.199532564943463
69,Equal-Weight,IBM,0.02,0.16733856116921222,0.0033467712233842444,0.0006677898464808299,0.016773057692775827,0.199532564943463
70,Equal-Weight,SPGI,0.02,0.1912506947630669,0.0038250138952613377,0.0007632148334658813,0.01916987282925544,0.199532564943463
71,Equal-Weight,LMT,0.02,0.11249569643040847,0.002249913928608169,0.0004489310970772115,0.011275923452623767,0.199532564943463
72,Equal-Weight,ADP,0.02,0.16003365950363901,0.0032006731900727802,0.000638638531160998,0.01604085624308835,0.199532564943463
73,Equal-Weight,COF,0.02,0.31051130936596294,0.006210226187319259,0.0012391423600348747,0.03112387288299987,0.199532564943463
74,Equal-Weight,WDC,0.02,0.3142719899063197,0.006285439798126394,0.0012541499247178817,0.03150082193303813,0.199532564943463
75,Equal-Weight,ABT,0.02,0.11430581092629649,0.00228611621852593,0.00045615463284132916,0.011457358948769564,0.199532564943463
76,Equal-Weight,GILD,0.02,0.16321865663768903,0.0032643731327537807,0.0006513487441108895,0.016360102089995845,0.199532564943463
77,Equal-Weight,UNP,0.02,0.18137365624479457,0.0036274731248958914,0.0007237990168739561,0.01817985513253802,0.199532564943463
78,Equal-Weight,ADI,0.02,0.27583830873083076,0.005516766174616616,0.0011007745050145897,0.027648450147372064,0.199532564943463
79,Equal-Weight,TMUS,0.02,0.13732673715705798,0.00274653474314116,0.0005480231220052909,0.013764844570205282,0.199532564943463
80,Equal-Weight,MMM,0.02,0.1659773071133804,0.0033195461422676083,0.0006623575562148336,0.016636613392947624,0.199532564943463
81,Equal-Weight,ADBE,0.02,0.24866121987239814,0.004973224397447963,0.0009923202200622003,0.02492437461953698,0.199532564943463
82,Equal-Weight,AXP,0.02,0.26480481186465943,0.005296096237293189,0.0010567436664145331,0.02654251569809581,0.199532564943463
83,Equal-Weight,BA,0.02,0.22049606457880921,0.004409921291576184,0.0008799229065069852,0.022101260978756643,0.199532564943463
84,Equal-Weight,CVX,0.02,0.16883011734674183,0.0033766023469348366,0.0006737421270780248,0.01692256273000644,0.199532564943463
85,Equal-Weight,CSCO,0.02,0.23668076706367286,0.0047336153412734575,0.0009445104105000189,0.023723522737327186,0.199532564943463
86,Equal-Weight,DD,0.02,0.2374153037143701,0.0047483060742874025,0.000947441690139191,0.02379714847865972,0.199532564943463
87,Equal-Weight,XOM,0.02,0.156447756757803,0.00312895513515606,0.0006243284437107086,0.015681425916830374,0.199532564943463
88,Equal-Weight,FDX,0.02,0.20538461798962138,0.004107692359792427,0.0008196183925480493,0.020586576236096252,0.199532564943463
89,Equal-Weight,GS,0.02,0.2635807363909789,0.005271614727819578,0.0010518588080355759,0.026419821392629696,0.199532564943463
90,Equal-Weight,GM,0.02,0.12314105238967685,0.002462821047793537,0.0004914130006629916,0.012342952883362027,0.199532564943463
91,Equal-Weight,HAS,0.02,0.1703352732164809,0.003406705464329618,0.0006797486793045999,0.017073430922390533,0.199532564943463
92,Equal-Weight,JBL,0.02,0.31699719312440167,0.006339943862488033,0.0012650252604798032,0.031773980674705604,0.199532564943463
93,Equal-Weight,KMB,0.02,0.08813000861941853,0.0017626001723883705,0.0003516961333664416,0.00883364664253075,0.199532564943463
94,Equal-Weight,KLAC,0.02,0.3092206505157471,0.006184413010314942,0.0012339917906178637,0.03099450464172241,0.199532564943463
95,Equal-Weight,LOW,0.02,0.2007564482277649,0.004015128964555298,0.0008011489808765094,0.020122675041504997,0.199532564943463
96,Equal-Weight,MKC,0.02,0.09229875354845056,0.0018459750709690112,0.00036833214073213794,0.00925149772665962,0.199532564943463
97,Equal-Weight,NEM,0.02,0.08621788005117288,0.0017243576010234577,0.00034406549501196713,0.008641985840817762,0.199532564943463
98,Equal-Weight,OLN,0.02,0.25931147121269854,0.005186229424253971,0.0010348216594066543,0.025991894735195108,0.199532564943463
99,Equal-Weight,PH,0.02,0.2433986804932646,0.004867973609865292,0.0009713192604535104,0.024396887852589973,0.199532564943463
100,Markowitz,PPG,0.0,0.15757401788337919,0.0,0.0,0.0,0.17853058677806674
101,Markowitz,DELL,0.20757,0.1372399398296955,0.028486894310449897,0.005085781956729391,0.15956310246076913,0.17853058677806674
102,Markowitz,QCOM,0.0,0.17764243501361476,0.0,0.0,0.0,0.17853058677806674
103,Markowitz,AMAT,0.0,0.21693991472020466,0.0,0.0,0.0,0.17853058677806674
104,Markowitz,MRK,0.0,0.1017795196543064,0.0,0.0,0.0,0.17853058677806674
105,Markowitz,AME,0.15379,0.1907518267884395,0.029335723441794113,0.00523732391962259,0.16431763302420363,0.17853058677806674
106,Markowitz,PG,0.0,0.07779522332657102,0.0,0.0,0.0,0.17853058677806674
107,Markowitz,CL,0.0,0.07686200406900517,0.0,0.0,0.0,0.17853058677806674
108,Markowitz,V,0.0,0.15208889650452573,0.0,0.0,0.0,0.17853058677806674
109,Markowitz,MA,0.27331,0.2113495737995638,0.05776395201515878,0.010312632247886387,0.3235521322011099,0.17853058677806674
110,Markowitz,MU,0.0,0.24811987632020668,0.0,0.0,0.0,0.17853058677806674
111,Markowitz,T,0.0,0.10331842415923062,0.0,0.0,0.0,0.17853058677806674
112,Markowitz,JPM,0.0,0.198440370712466,0.0,0.0,0.0,0.17853058677806674
113,Markowitz,JNJ,0.0,0.08084350533257002,0.0,0.0,0.0,0.17853058677806674
114,Markowitz,INTC,0.0,0.1829620231598498,0.0,0.0,0.0,0.17853058677806674
115,Markowitz,GE,0.0,0.1713831495481173,0.0,0.0,0.0,0.17853058677806674
116,Markowitz,MS,0.0,0.2554174629004389,0.0,0.0,0.0,0.17853058677806674
117,Markowitz,RTX,0.0,0.15889035094364995,0.0,0.0,0.0,0.17853058677806674
118,Markowitz,TXN,0.0,0.17001459772023716,0.0,0.0,0.0,0.17853058677806674
119,Markowitz,IBM,0.0,0.12935448164469343,0.0,0.0,0.0,0.17853058677806674
120,Markowitz,SPGI,0.0,0.16220589981343428,0.0,0.0,0.0,0.17853058677806674
121,Markowitz,LMT,0.22308,0.15301459721841296,0.03413449634748356,0.006094051662290016,0.19119690896393296,0.17853058677806674
122,Markowitz,ADP,0.0,0.13283977397783908,0.0,0.0,0.0,0.17853058677806674
123,Markowitz,COF,0.0,0.23305170337642625,0.0,0.0,0.0,0.17853058677806674
124,Markowitz,WDC,0.00424,0.2294234884477328,0.0009727555910183871,0.00017366662645615776,0.005448677498761766,0.17853058677806674
125,Markowitz,ABT,0.0,0.10380470469028545,0.0,0.0,0.0,0.17853058677806674
126,Markowitz,GILD,0.13801,0.2017010729089342,0.027836765072162005,0.004969714002336276,0.1559215458512226,0.17853058677806674
127,Markowitz,UNP,0.0,0.14961249988654554,0.0,0.0,0.0,0.17853058677806674
128,Markowitz,ADI,0.0,0.1857028333065288,0.0,0.0,0.0,0.17853058677806674
129,Markowitz,TMUS,0.0,0.11697098054715609,0.0,0.0,0.0,0.17853058677806674
130,Markowitz,MMM,0.0,0.13475490891450384,0.0,0.0,0.0,0.17853058677806674
131,Markowitz,ADBE,0.0,0.18802611544393233,0.0,0.0,0.0,0.17853058677806674
132,Markowitz,AXP,0.0,0.20909177571289608,0.0,0.0,0.0,0.17853058677806674
133,Markowitz,BA,0.0,0.1900955214201847,0.0,0.0,0.0,0.17853058677806674
134,Markowitz,CVX,0.0,0.13849876477415743,0.0,0.0,0.0,0.17853058677806674
135,Markowitz,CSCO,0.0,0.1657478242763694,0.0,0.0,0.0,0.17853058677806674
136,Markowitz,DD,0.0,0.18027873644060213,0.0,0.0,0.0,0.17853058677806674
137,Markowitz,XOM,0.0,0.12687408018042204,0.0,0.0,0.0,0.17853058677806674
138,Markowitz,FDX,0.0,0.15930691300952599,0.0,0.0,0.0,0.17853058677806674
139,Markowitz,GS,0.0,0.19617809584759624,0.0,0.0,0.0,0.17853058677806674
140,Markowitz,GM,0.0,0.10506275495373286,0.0,0.0,0.0,0.17853058677806674
141,Markowitz,HAS,0.0,0.1326759139782818,0.0,0.0,0.0,0.17853058677806674
142,Markowitz,JBL,0.0,0.21747083047795046,0.0,0.0,0.0,0.17853058677806674
143,Markowitz,KMB,0.0,0.07181200222671573,0.0,0.0,0.0,0.17853058677806674
144,Markowitz,KLAC,0.0,0.21611471156877876,0.0,0.0,0.0,0.17853058677806674
145,Markowitz,LOW,0.0,0.15154420320212308,0.0,0.0,0.0,0.17853058677806674
146,Markowitz,MKC,0.0,0.07892636628981452,0.0,0.0,0.0,0.17853058677806674
147,Markowitz,NEM,0.0,0.06825521354755078,0.0,0.0,0.0,0.17853058677806674
148,Markowitz,OLN,0.0,0.20097904696267369,0.0,0.0,0.0,0.17853058677806674
149,Markowitz,PH,0.0,0.19709986674547672,0.0,0.0,0.0,0.17853058677806674
150,Black-Litterman,PPG,0.0,0.17669392651820842,0.0,0.0,0.0,0.18242320180089466
151,Black-Litterman,DELL,0.17834356687133743,0.1450962865233981,0.025876989278368383,0.004720563237127383,0.1418514148579179,0.18242320180089466
152,Black-Litterman,QCOM,0.0036500730014600294,0.2119159019397443,0.0007735085122503117,0.00014110589942494843,0.004240187128688574,0.18242320180089466
153,Black-Litterman,AMAT,0.025190503810076204,0.2761476017814311,0.006956297214818547,0.0012689900106058452,0.038132743785579314,0.18242320180089466
154,Black-Litterman,MRK,0.013580271605432109,0.10384715916533607,0.0014102726269178021,0.0002572664480145041,0.0077307744464272755,0.18242320180089466
155,Black-Litterman,AME,0.008120162403248065,0.17591052667564225,0.0014284220450471161,0.00026057732298047674,0.00783026517978872,0.18242320180089466
156,Black-Litterman,PG,0.0,0.07928260488215073,0.0,0.0,0.0,0.18242320180089466
157,Black-Litterman,CL,0.0,0.07909170196974895,0.0,0.0,0.0,0.18242320180089466
158,Black-Litterman,V,0.20677413548270968,0.18260544820183439,0.03775808368636703,0.006887950519933201,0.206980709216901,0.18242320180089466
159,Black-Litterman,MA,0.12344246884937699,0.21177515856669274,0.02614204841444084,0.0047689161733963,0.14330440512152348,0.18242320180089466
160,Black-Litterman,MU,0.060431208624172485,0.35558231934812357,0.02148826932359358,0.003919958891169886,0.11779351042773001,0.18242320180089466
161,Black-Litterman,T,0.0,0.10530176562684328,0.0,0.0,0.0,0.18242320180089466
162,Black-Litterman,JPM,0.0,0.22544162480523355,0.0,0.0,0.0,0.18242320180089466
163,Black-Litterman,JNJ,0.0,0.0774926847438564,0.0,0.0,0.0,0.18242320180089466
164,Black-Litterman,INTC,0.0,0.22193706639609362,0.0,0.0,0.0,0.18242320180089466
165,Black-Litterman,GE,0.04447088941778836,0.2057775865662548,0.00915111229684729,0.0016693752052304217,0.05016419077456632,0.18242320180089466
166,Black-Litterman,MS,0.0,0.28652303787518796,0.0,0.0,0.0,0.18242320180089466
167,Black-Litterman,RTX,0.06566131322626452,0.1773542471119439,0.011645312771625668,0.0021243752417728053,0.06383679628831379,0.18242320180089466
168,Black-Litterman,TXN,0.0,0.20974846607082656,0.0,0.0,0.0,0.18242320180089466
169,Black-Litterman,IBM,0.0,0.14408665956980868,0.0,0.0,0.0,0.18242320180089466
170,Black-Litterman,SPGI,0.033310666213324264,0.18354381659109448,0.006113966809985556,0.0011153294011819674,0.03351529163849799,0.18242320180089466
171,Black-Litterman,LMT,0.05925118502370047,0.11435569651831697,0.006775710532920938,0.001236046809891484,0.037142811144803126,0.18242320180089466
172,Black-Litterman,ADP,0.0,0.14339293577536755,0.0,0.0,0.0,0.18242320180089466
173,Black-Litterman,COF,0.0,0.2635838753574281,0.0,0.0,0.0,0.18242320180089466
174,Black-Litterman,WDC,0.007110142202844057,0.27834663783370034,0.001979084176681143,0.00036103087214366163,0.01084886219046418,0.18242320180089466
175,Black-Litterman,ABT,0.016500330006600134,0.10457759829834748,0.001725564883220398,0.00031478307091225194,0.009459130561164921,0.18242320180089466
176,Black-Litterman,GILD,0.0,0.12121160156828643,0.0,0.0,0.0,0.18242320180089466
177,Black-Litterman,UNP,0.0,0.1596905505014859,0.0,0.0,0.0,0.18242320180089466
178,Black-Litterman,ADI,0.0,0.22547323979047063,0.0,0.0,0.0,0.18242320180089466
179,Black-Litterman,TMUS,0.03287065741314827,0.1436272091609735,0.00472112078753695,0.0008612419701512519,0.02588004563525755,0.18242320180089466
180,Black-Litterman,MMM,0.0,0.14245210951465828,0.0,0.0,0.0,0.18242320180089466
181,Black-Litterman,ADBE,0.006640132802656054,0.214144080417093,0.001421945132872155,0.0002593957839237371,0.007794760309185526,0.18242320180089466
182,Black-Litterman,AXP,0.0,0.23617586440563842,0.0,0.0,0.0,0.18242320180089466
183,Black-Litterman,BA,0.0,0.20276984683624732,0.0,0.0,0.0,0.18242320180089466
184,Black-Litterman,CVX,0.0,0.150795293002533,0.0,0.0,0.0,0.18242320180089466
185,Black-Litterman,CSCO,0.0,0.19055081584718497,0.0,0.0,0.0,0.18242320180089466
186,Black-Litterman,DD,0.0,0.20468957929838125,0.0,0.0,0.0,0.18242320180089466
187,Black-Litterman,XOM,0.0,0.1345478028191504,0.0,0.0,0.0,0.18242320180089466
188,Black-Litterman,FDX,0.0,0.17732406319829855,0.0,0.0,0.0,0.18242320180089466
189,Black-Litterman,GS,0.0,0.2227308786616189,0.0,0.0,0.0,0.18242320180089466
190,Black-Litterman,GM,0.0,0.12070125880253854,0.0,0.0,0.0,0.18242320180089466
191,Black-Litterman,HAS,0.0,0.14586881008964708,0.0,0.0,0.0,0.18242320180089466
192,Black-Litterman,JBL,0.0,0.26072778962466553,0.0,0.0,0.0,0.18242320180089466
193,Black-Litterman,KMB,0.0,0.0724211707839175,0.0,0.0,0.0,0.18242320180089466
194,Black-Litterman,KLAC,0.008920178403568072,0.27238868607389255,0.0024297556748926197,0.0004432438098078053,0.013319334661961313,0.18242320180089466
195,Black-Litterman,LOW,0.0,0.1671133095514183,0.0,0.0,0.0,0.18242320180089466
196,Black-Litterman,MKC,0.05098101962039241,0.08634888859871218,0.004402154383850024,0.000803055097523766,0.02413154873059812,0.18242320180089466
197,Black-Litterman,NEM,0.014210284205684114,0.08101666839982381,0.0011512698833591635,0.00021001833825932118,0.006310983866052929,0.18242320180089466
198,Black-Litterman,OLN,0.0,0.21929244583125798,0.0,0.0,0.0,0.18242320180089466
199,Black-Litterman,PH,0.04054081081621633,0.22378223776595546,0.00907231336529914,0.001655000451838919,0.049732234034577986,0.18242320180089466
200,Risk-Parity,PPG,0.01744615550415955,0.2066146893391864,0.003604631999655062,0.0006378902302431802,0.020369291199183032,0.17696403691256746
201,Risk-Parity,DELL,0.030732665249940075,0.08847920252772772,0.0027192017128663077,0.00048120091228838995,0.015365843593462903,0.17696403691256746
202,Risk-Parity,QCOM,0.014195364264504252,0.241889681948803,0.0034337121470883374,0.0006076435631444719,0.01940344607297148,0.17696403691256746
203,Risk-Parity,AMAT,0.012639823986029966,0.2870568464224673,0.0036283480127648226,0.0006420871116625548,0.020503307203358377,0.17696403691256746
204,Risk-Parity,MRK,0.0279490671080062,0.13229152041771014,0.003697424581974753,0.0006543111802060145,0.020893649616512407,0.17696403691256746
205,Risk-Parity,AME,0.018945953287572738,0.19468714636114318,0.0036885335806490552,0.000652737792719224,0.020843407762400033,0.17696403691256746
206,Risk-Parity,PG,0.030503656343473146,0.10487328850008167,0.0031990187520164054,0.0005661112725158266,0.018077225225128328,0.17696403691256746
207,Risk-Parity,CL,0.03046816122497713,0.10581913662482063,0.0032241145153729177,0.0005705523201087975,0.01821903801259831,0.17696403691256746
208,Risk-Parity,V,0.02585556680279942,0.144166090352781,0.003727495979814746,0.0006596327361633835,0.021063579046043054,0.17696403691256746
209,Risk-Parity,MA,0.022058615915391395,0.1729450252954891,0.0038149278874708434,0.0006751050394971733,0.0215576450109786,0.17696403691256746
210,Risk-Parity,MU,0.012601142906735273,0.32789435922536475,0.0041318436789112125,0.0007311877373118023,0.023348493575294227,0.17696403691256746
211,Risk-Parity,T,0.026676141394129323,0.1398383300810688,0.003730347065561519,0.0006601372758067163,0.021079690148595384,0.17696403691256746
212,Risk-Parity,JPM,0.012753326855179815,0.26004733336649766,0.0033164686402408525,0.0005868956788709546,0.018740918765768312,0.17696403691256746
213,Risk-Parity,JNJ,0.03045581690022585,0.10212117261066715,0.0031101837346668377,0.0005503906692264492,0.017575230475802745,0.17696403691256746
214,Risk-Parity,INTC,0.013814594744120763,0.25059210557957945,0.0034618283846578135,0.0006126191260475591,0.019562327154461316,0.17696403691256746
215,Risk-Parity,GE,0.01566047855135874,0.2216803493348548,0.003471620356016206,0.0006143519528284725,0.019617660269195984,0.17696403691256746
216,Risk-Parity,MS,0.011565029720114722,0.3289355081617777,0.003804148927891998,0.0006731975512963834,0.021496734558397936,0.17696403691256746
217,Risk-Parity,RTX,0.01919803275919339,0.1925571436103422,0.0036967183510480555,0.0006541862027302337,0.02088965880041769,0.17696403691256746
218,Risk-Parity,TXN,0.014367970787098993,0.24091976704349205,0.0034615281749155883,0.0006125659997196544,0.019560630709536894,0.17696403691256746
219,Risk-Parity,IBM,0.022642027798931878,0.16736341517938863,0.003789447099015895,0.0006705958563084704,0.021413656498399977,0.17696403691256746
220,Risk-Parity,SPGI,0.019085315315297665,0.19445646638471567,0.0037112629760508793,0.0006567600782861129,0.02097184852244584,0.17696403691256746
221,Risk-Parity,LMT,0.028797715186252244,0.12146508022848927,0.0034979167854953127,0.0006190054751454818,0.019766257859632385,0.17696403691256746
222,Risk-Parity,ADP,0.023180396275515276,0.16504716988542414,0.003825858802096423,0.0006770394182764626,0.021619414141115366,0.17696403691256746
223,Risk-Parity,COF,0.011578030540251137,0.30034544098859767,0.0034774086883911795,0.0006153762794925394,0.019650369357867105,0.17696403691256746
224,Risk-Parity,WDC,0.012548731130642731,0.2928261364817606,0.0036745964547345066,0.0006502714226544267,0.02076465093611089,0.17696403691256746
225,Risk-Parity,ABT,0.02864996406330139,0.1254108480105676,0.003593016288650914,0.0006358346671322766,0.0203036523767036,0.17696403691256746
226,Risk-Parity,GILD,0.022848378002168636,0.16719618905396222,0.003820161728026979,0.0006760312410505437,0.021587220740869533,0.17696403691256746
227,Risk-Parity,UNP,0.020311690463288425,0.1839123057603798,0.0037355698269944918,0.0006610615167537264,0.021109203271849647,0.17696403691256746
228,Risk-Parity,ADI,0.013423813114625356,0.2572057822347331,0.003452682352720084,0.0006110006073141272,0.01951064415662007,0.17696403691256746
229,Risk-Parity,TMUS,0.026015904902774206,0.14511368680136225,0.0037752638759152007,0.0006680859358921401,0.021333509009971573,0.17696403691256746
230,Risk-Parity,MMM,0.022424147138663215,0.1697403901897399,0.003806283484988834,0.0006735752911372598,0.021508796653804875,0.17696403691256746
231,Risk-Parity,ADBE,0.01425593622938927,0.23896710035326738,0.003406699743558246,0.0006028633391690755,0.019250802609353853,0.17696403691256746
232,Risk-Parity,AXP,0.012721787078267374,0.2597473798549315,0.0033044508606522747,0.0005847689640802344,0.01867300790773044,0.17696403691256746
233,Risk-Parity,BA,0.015742573982771686,0.2209404778532591,0.0034781718183938604,0.000615511326058503,0.01965468170299663,0.17696403691256746
234,Risk-Parity,CVX,0.021775548294075624,0.17537175252735362,0.0038188160665760676,0.0006757931073678729,0.021579616588780846,0.17696403691256746
235,Risk-Parity,CSCO,0.015422853924095658,0.2263803939464065,0.0034914317471146563,0.000617857856574108,0.019729611778915655,0.17696403691256746
236,Risk-Parity,DD,0.01421270238624878,0.23713473340566785,0.003370325391337204,0.0005964263869599602,0.019045256031327867,0.17696403691256746
237,Risk-Parity,XOM,0.02342748006171042,0.16343460068216623,0.003828860848875053,0.0006775706725934093,0.021636378304179263,0.17696403691256746
238,Risk-Parity,FDX,0.01760374185568539,0.20455945237597262,0.0036010117937669913,0.0006372495839947727,0.020348833902032543,0.17696403691256746
239,Risk-Parity,GS,0.01326661852646983,0.25354754131132007,0.0033637185089016334,0.000595257206372755,0.01900792142622483,0.17696403691256746
240,Risk-Parity,GM,0.027889873210341753,0.12559906210557648,0.0035029419174623677,0.0006198947427843903,0.019794654205323448,0.17696403691256746
241,Risk-Parity,HAS,0.02189892142661872,0.17243058015512658,0.0037760437263633984,0.0006682239413756412,0.02133791584009256,0.17696403691256746
242,Risk-Parity,JBL,0.012349379629563109,0.29574600213384045,0.003652279654276377,0.0006463221515543839,0.02063854169466566,0.17696403691256746
243,Risk-Parity,KMB,0.03079074693394871,0.09951465024355681,0.0030641304118697752,0.0005422408873110434,0.017314989335283235,0.17696403691256746
244,Risk-Parity,KLAC,0.01267330191848383,0.28657130318840807,0.0036318046464800633,0.000642698811518932,0.020522840176133792,0.17696403691256746
245,Risk-Parity,LOW,0.018064374608836867,0.20126433596701376,0.003635714360306936,0.0006433906902609083,0.020544933443755194,0.17696403691256746
246,Risk-Parity,MKC,0.030531850707083644,0.10314617389388826,0.003149243582335085,0.0005573028575510122,0.017795952427842893,0.17696403691256746
247,Risk-Parity,NEM,0.0313941032862277,0.10119294227419554,0.003176861681593372,0.0005621902678876107,0.01795201859665398,0.17696403691256746
248,Risk-Parity,OLN,0.012775800839212148,0.25699591521246967,0.003283328629245564,0.0005810310887419015,0.01855364901552148,0.17696403691256746
249,Risk-Parity,PH,0.013808726864246598,0.2423566422665367,0.0033466366767945276,0.0005922343364052189,0.018911394287687944,0.17696403691256746
