,Model,Ticker,Mean Weight,Average Active Weight,Annualized Asset Return,Annualized Contribution,Total Arithmetic Contribution,Contribution Share of Arithmetic Gross Return,Positive Contribution Days,Negative Contribution Days,Contribution Volatility
0,Black-Litterman,ABT,0.01042815474696367,0.01042815474696367,0.047634863094408,-0.0007524866096988613,-0.004240202324493583,-0.004041782512692656,458,459,0.0035298940344232407
1,Black-Litterman,ADBE,0.051906570469988804,0.051906570469988804,-0.022546846405223857,-0.0037682363885429937,-0.021233712983059726,-0.020240083667402767,586,583,0.0244438595074735
2,Black-Litterman,ADI,0.0,0.0,0.23314478332260657,0.0,0.0,0.0,0,0,0.0
3,Black-Litterman,ADP,0.0,0.0,0.13983873500759025,0.0,0.0,0.0,0,0,0.0
4,Black-Litterman,AMAT,0.028511901540113217,0.028511901540113217,0.4136165172681757,0.01626860112467161,0.0916722761787051,0.0873824818729785,628,541,0.018811486167757723
5,Black-Litterman,AME,0.031839625570563614,0.031839625570563614,0.151775427366502,0.004459716201504473,0.025130146849747428,0.023954184330305137,609,554,0.009164906711022554
6,Black-Litterman,AXP,0.0,0.0,0.23730633078679256,0.0,0.0,0.0,0,0,0.0
7,Black-Litterman,BA,0.003720406102462005,0.003720406102462005,0.07108335578606524,8.11584725704398e-05,0.0004573215517858116,0.0004359212389484552,251,251,0.0023116225358083653
8,Black-Litterman,CL,0.002257130689601912,0.002257130689601912,0.052686715243476345,0.00028457664116484835,0.001603566787516209,0.0015285280521353014,209,206,0.0011465539093754593
9,Black-Litterman,COF,0.0,0.0,0.2178132054219024,0.0,0.0,0.0,0,0,0.0
10,Black-Litterman,CSCO,0.0,0.0,0.22233828767371724,0.0,0.0,0.0,0,0,0.0
11,Black-Litterman,CVX,0.0,0.0,0.23263608171315198,0.0,0.0,0.0,0,0,0.0
12,Black-Litterman,DD,0.006504373473356355,0.006504373473356355,0.13927896765313355,0.002014306905183435,0.011350459545081262,0.01081931601125047,132,117,0.00526829206461608
13,Black-Litterman,DELL,0.008640560288583631,0.008640560288583631,0.5879717655475661,0.0017666325159215888,0.009954834018288318,0.009488998630904029,386,367,0.005887726662104643
14,Black-Litterman,FDX,0.0,0.0,0.1549556930763913,0.0,0.0,0.0,0,0,0.0
15,Black-Litterman,GE,0.03097250770151128,0.03097250770151128,0.38466942105356566,0.011112281635681277,0.06261682508995005,0.05968667749341919,776,636,0.009857582654115968
16,Black-Litterman,GILD,0.014985702540669584,0.014985702540669584,0.22329031147715028,0.0042080350239651915,0.023711943389010205,0.0226023455480054,388,360,0.006418402911151429
17,Black-Litterman,GM,0.0,0.0,0.208995769391716,0.0,0.0,0.0,0,0,0.0
18,Black-Litterman,GS,0.0,0.0,0.30299292213926804,0.0,0.0,0.0,0,0,0.0
19,Black-Litterman,HAS,0.0,0.0,0.0948928888502429,0.0,0.0,0.0,0,0,0.0
20,Black-Litterman,IBM,0.01760549984029445,0.01760549984029445,0.20545621671766792,0.004071977427510302,0.022945269631208846,0.021871548206255444,501,416,0.005279976827144579
21,Black-Litterman,INTC,0.003395075532033142,0.003395075532033142,0.25917913036650897,-0.0022141287836841177,-0.012476439971553361,-0.011892606304749068,236,264,0.002846325324085924
22,Black-Litterman,JBL,0.0011305607308143006,0.0011305607308143006,0.4272494984044325,0.0001285633183476759,0.0007244440954511896,0.000690543811908261,126,126,0.0010486441049406138
23,Black-Litterman,JNJ,0.016401575338382598,0.016401575338382598,0.1369238378565616,0.004414221471823732,0.024873787658689285,0.023709821440024755,485,433,0.00464395941331182
24,Black-Litterman,JPM,0.052631416532516004,0.052631416532516004,0.2391850869269287,0.007934591461322674,0.044710793155072204,0.042618556397393634,639,528,0.01726031826167547
25,Black-Litterman,KLAC,0.026505466709588168,0.026505466709588168,0.45539385410487315,0.01538377570279856,0.0866863551506903,0.08262987648330442,274,230,0.02531053325494367
26,Black-Litterman,KMB,0.011892146870216365,0.011892146870216365,0.020411268349495856,-0.00033341149789394123,-0.001878747329402367,-0.0017908315501556696,331,335,0.004813525763398008
27,Black-Litterman,LMT,0.058440096925873555,0.058440096925873555,0.14011433378481936,0.006777434506836459,0.03819030555439592,0.03640319431280484,604,563,0.016119410847848657
28,Black-Litterman,LOW,0.0014724425845453414,0.0014724425845453414,0.09683115317230437,-0.0003182787019489274,-0.0017934752252677655,-0.0017095497449642386,132,119,0.0011596906519027817
29,Black-Litterman,MA,0.08310339327726204,0.08310339327726204,0.12683823787898235,0.010828640492728693,0.06101852976061406,0.05816317422214543,745,675,0.01967132244838418
30,Black-Litterman,MKC,0.034818532814391547,0.034818532814391547,-0.046786929175181825,-0.00444117252572223,-0.025025654708434784,-0.023854581887508566,379,367,0.014601119303738839
31,Black-Litterman,MMM,0.0,0.0,0.10460356629902513,0.0,0.0,0.0,0,0,0.0
32,Black-Litterman,MRK,0.028173366938474113,0.028173366938474113,0.17499249023481908,0.004145904810823596,0.023361844568926614,0.022268629564559446,525,474,0.008242650499311952
33,Black-Litterman,MS,0.0,0.0,0.27419798112601446,0.0,0.0,0.0,0,0,0.0
34,Black-Litterman,MU,0.08721133985764205,0.08721133985764205,0.6097030032572496,0.04279070824200922,0.24112224485576628,0.22983895533702564,742,678,0.05564156812400545
35,Black-Litterman,NEM,0.008690807934669564,0.008690807934669564,0.22276446057833088,-0.000791591422493736,-0.004460554841036132,-0.004251823656919391,484,515,0.0036829862514241468
36,Black-Litterman,OLN,0.0,0.0,0.06795161065829264,0.0,0.0,0.0,0,0,0.0
37,Black-Litterman,PG,0.0004398576993140644,0.0004398576993140644,0.051079331206517094,-5.408342164022465e-05,-0.0003047557886076151,-0.00029049477425189375,128,121,0.000206382364998764
38,Black-Litterman,PH,0.029875886554737805,0.029875886554737805,0.28471362433957287,0.012040166925838522,0.06784538505829643,0.06467056756030443,260,241,0.016836001469834674
39,Black-Litterman,PPG,0.0,0.0,0.017964673846852946,0.0,0.0,0.0,0,0,0.0
40,Black-Litterman,QCOM,0.0037123901176516353,0.0037123901176516353,0.12992604983380615,-0.001906905069383686,-0.010745258724304898,-0.010242435497801553,120,131,0.004162909060438964
41,Black-Litterman,RTX,0.0792346106826404,0.0792346106826404,0.24860670863687082,0.014165457764979844,0.07982123026298166,0.07608600437646908,484,426,0.02555244441016802
42,Black-Litterman,SPGI,0.042847846466498314,0.042847846466498314,0.0968458861309993,0.0033958291012235534,0.019135227475148595,0.01823979656317192,617,549,0.012957217759385482
43,Black-Litterman,T,0.0,0.0,0.12173191853010604,0.0,0.0,0.0,0,0,0.0
44,Black-Litterman,TMUS,0.05787895140515364,0.05787895140515364,0.09526369921452024,0.006187207834234941,0.03486442509767308,0.03323294807440297,623,543,0.019496203675224213
45,Black-Litterman,TXN,0.0,0.0,0.16673537219370843,0.0,0.0,0.0,0,0,0.0
46,Black-Litterman,UNP,0.0,0.0,0.118057806495451,0.0,0.0,0.0,0,0,0.0
47,Black-Litterman,V,0.13335699107863766,0.13335699107863766,0.1319124624963826,0.014769571678729854,0.08322536422141426,0.07933084225238325,752,667,0.031401041720643307
48,Black-Litterman,WDC,0.010101829192156563,0.010101829192156563,0.5669313480694387,0.009394000724941887,0.052934448529434436,0.05045738670285033,528,473,0.00861077977705778
49,Black-Litterman,XOM,0.021312981792692587,0.021312981792692587,0.31709764675706065,0.0041338520055562746,0.023293927967817103,0.022203891113495387,500,415,0.006945027226467458
50,Equal-Weight,ABT,0.018257215480956962,0.018257215480956962,0.047634863094408,0.0005024794884320331,0.0028314320379900274,0.0024612634757101813,724,694,0.004143705195554803
51,Equal-Weight,ADBE,0.01776963184720464,0.01776963184720464,-0.022546846405223857,-0.0004857439689327043,-0.0027371287138271434,-0.0023792889397559543,720,698,0.006376735836663242
52,Equal-Weight,ADI,0.020193647929839843,0.020193647929839843,0.23314478332260657,0.0041287757465202374,0.023265323651026737,0.020223720924446936,746,673,0.006747768783956328
53,Equal-Weight,ADP,0.0191340799975004,0.0191340799975004,0.13983873500759025,0.0024930922357665943,0.014048376884081603,0.012211755907920908,744,674,0.00427034250352386
54,Equal-Weight,AMAT,0.02247321112047733,0.02247321112047733,0.4136165172681757,0.008626749852855367,0.048611050758153265,0.04225586280780713,745,675,0.011053054669121827
55,Equal-Weight,AME,0.01909776253992706,0.01909776253992706,0.151775427366502,0.0027433110481602397,0.01545834003328389,0.01343738688004637,745,669,0.00413955479338994
56,Equal-Weight,AXP,0.020621544772553357,0.020621544772553357,0.23730633078679256,0.004579120510377982,0.0258029806537172,0.022429616178438624,747,672,0.006008698543910359
57,Equal-Weight,BA,0.01781174889310582,0.01781174889310582,0.07108335578606524,0.0009398952729277418,0.005296235268084894,0.004603829528382056,702,716,0.00643666552894679
58,Equal-Weight,CL,0.018758617861725665,0.018758617861725665,0.052686715243476345,0.0007649407071100496,0.0043103801749852,0.0037468606517030937,733,677,0.0035807622044055016
59,Equal-Weight,COF,0.020180282793336016,0.020180282793336016,0.2178132054219024,0.004140100482314512,0.023329137638438916,0.020279192161033115,743,672,0.006968912856313238
60,Equal-Weight,CSCO,0.019594471848480833,0.019594471848480833,0.22233828767371724,0.004214533052241409,0.023748559262630156,0.020643780507387265,752,658,0.005038607310985256
61,Equal-Weight,CVX,0.021246188693486507,0.021246188693486507,0.23263608171315198,0.004813133058249489,0.02712162278854871,0.023575865030767508,782,638,0.006008752426643417
62,Equal-Weight,DD,0.018690536617790004,0.018690536617790004,0.13927896765313355,0.002039982186648097,0.01149513771841388,0.009992315632154403,710,704,0.005630356545027986
63,Equal-Weight,DELL,0.023875856665167897,0.023875856665167897,0.5879717655475661,0.014278982327425603,0.08046093216247761,0.06994183540201868,732,686,0.01489677966320355
64,Equal-Weight,FDX,0.019477317975822788,0.019477317975822788,0.1549556930763913,0.002509953570504952,0.014143389167131079,0.012294346716697487,730,687,0.0062521189370856566
65,Equal-Weight,GE,0.023514440705281078,0.023514440705281078,0.38466942105356566,0.008859945413913991,0.04992508923713439,0.043398109865338444,776,636,0.007217194797526237
66,Equal-Weight,GILD,0.019326324528382025,0.019326324528382025,0.22329031147715028,0.004069678739376049,0.0229323167060079,0.019934249794666785,737,675,0.004814392705562058
67,Equal-Weight,GM,0.019459645641849193,0.019459645641849193,0.208995769391716,0.003820968378379604,0.021530853560710467,0.018716007574548686,741,674,0.007151768418115738
68,Equal-Weight,GS,0.020409682160733297,0.020409682160733297,0.30299292213926804,0.006048120592612255,0.034080679529799214,0.029625126306624734,752,668,0.00570817461975024
69,Equal-Weight,HAS,0.019521973475351267,0.019521973475351267,0.0948928888502429,0.0014624777249082352,0.008240945910197198,0.007163562078103109,720,693,0.006191880849971303
70,Equal-Weight,IBM,0.020065880393985026,0.020065880393985026,0.20545621671766792,0.0037140673046207806,0.0209284744942917,0.01819238081084173,771,648,0.005620182654785848
71,Equal-Weight,INTC,0.020528943232153884,0.020528943232153884,0.25917913036650897,0.007187839460186693,0.0405029048947028,0.035207739101610826,700,711,0.013666679207563695
72,Equal-Weight,JBL,0.02193480221820208,0.02193480221820208,0.4272494984044325,0.00896780301215847,0.050532858243115195,0.04392642191239402,765,652,0.008503147814598802
73,Equal-Weight,JNJ,0.019396195087968617,0.019396195087968617,0.1369238378565616,0.002573927112457292,0.01450387499876728,0.012607704268287188,738,679,0.0034006405095679676
74,Equal-Weight,JPM,0.019918051074243038,0.019918051074243038,0.2391850869269287,0.004665913875688459,0.02629205437887941,0.022854750626491904,767,652,0.004757287359855339
75,Equal-Weight,KLAC,0.02220401244016008,0.02220401244016008,0.45539385410487315,0.009139884130796284,0.05150252168940763,0.04476931596461539,759,661,0.010633509585669557
76,Equal-Weight,KMB,0.018560019102405935,0.018560019102405935,0.020411268349495856,0.00014343177853329598,0.0008082266885606361,0.0007025628028354916,732,687,0.003783576309807474
77,Equal-Weight,LMT,0.02006070359802117,0.02006070359802117,0.14011433378481936,0.002609686026792917,0.01470537364303945,0.012782859895156576,746,672,0.0049121065746142775
78,Equal-Weight,LOW,0.018966958873323995,0.018966958873323995,0.09683115317230437,0.0017971033377830337,0.010126534681158365,0.008802637538826675,741,676,0.004908462789837407
79,Equal-Weight,MA,0.019108211155735362,0.019108211155735362,0.12683823787898235,0.0020861345492319055,0.011755202618687722,0.010218380828765162,745,675,0.004609907558228038
80,Equal-Weight,MKC,0.017678880404351414,0.017678880404351414,-0.046786929175181825,-0.00143925341035502,-0.008110078740889398,-0.007049803888019366,717,695,0.004364875302962714
81,Equal-Weight,MMM,0.018761217411696555,0.018761217411696555,0.10460356629902513,0.0016850470465665276,0.0094951063735098,0.008253759299726104,719,694,0.005274427625795072
82,Equal-Weight,MRK,0.019327680531978357,0.019327680531978357,0.17499249023481908,0.0034230721182282346,0.01928873971382577,0.016767017506738768,736,676,0.004641231316260912
83,Equal-Weight,MS,0.020032730124698635,0.020032730124698635,0.27419798112601446,0.005083754170449231,0.028646551277928207,0.0249014312967493,760,657,0.005669762824332606
84,Equal-Weight,MU,0.023160050788253048,0.023160050788253048,0.6097030032572496,0.01625790233341224,0.09161198933906897,0.07963505401933124,742,678,0.016407019683716866
85,Equal-Weight,NEM,0.020315904446013264,0.020315904446013264,0.22276446057833088,0.004909005976525082,0.027661859074069907,0.024045473278454976,724,690,0.008410443613342774
86,Equal-Weight,OLN,0.0199568863790363,0.0199568863790363,0.06795161065829264,0.001975714055894249,0.011132991902261243,0.009677515114883121,698,720,0.009469384553664523
87,Equal-Weight,PG,0.01864386163484611,0.01864386163484611,0.051079331206517094,0.0007276814407161878,0.004100427165940423,0.0035643559453057655,754,662,0.003379257063677877
88,Equal-Weight,PH,0.020712175978184862,0.020712175978184862,0.28471362433957287,0.00565776738096515,0.031881070162581404,0.027713083875895467,750,670,0.005816858413935742
89,Equal-Weight,PPG,0.01796580911072247,0.01796580911072247,0.017964673846852946,9.035649640632959e-05,0.0005091516860991588,0.0004425875075856328,729,687,0.00498610800707478
90,Equal-Weight,QCOM,0.018706619627300053,0.018706619627300053,0.12992604983380615,0.0016502753162810262,0.009299170433012132,0.008083439134009477,737,683,0.007833232408151673
91,Equal-Weight,RTX,0.021025790857048816,0.021025790857048816,0.24860670863687082,0.0050171114246408705,0.028271024694404907,0.024574999352848487,746,664,0.005091642763689976
92,Equal-Weight,SPGI,0.01877122481807744,0.01877122481807744,0.0968458861309993,0.001636348329675442,0.009220692968806062,0.00801522145697356,760,658,0.004541542118964007
93,Equal-Weight,T,0.01955651713355776,0.01955651713355776,0.12173191853010604,0.0020950813739957276,0.0118056172661664,0.010262204494251465,733,668,0.0047524781266844686
94,Equal-Weight,TMUS,0.019962572738299742,0.019962572738299742,0.09526369921452024,0.0018567270983132704,0.010462509839701761,0.00909468883137891,735,683,0.005143551303236322
95,Equal-Weight,TXN,0.019969104217928066,0.019969104217928066,0.16673537219370843,0.0029929563172486203,0.01686507131148032,0.014660208501299836,724,693,0.006904815102045399
96,Equal-Weight,UNP,0.018863366196755903,0.018863366196755903,0.118057806495451,0.0018790302424329572,0.010588186286725395,0.009203934910629987,739,680,0.004372297077737082
97,Equal-Weight,V,0.019252025333507658,0.019252025333507658,0.1319124624963826,0.002238134605444761,0.012611710871950638,0.010962913083862774,752,667,0.004406056600666017
98,Equal-Weight,WDC,0.024309349634123484,0.024309349634123484,0.5669313480694387,0.015994279508282284,0.0901264956419081,0.07834376701997413,750,668,0.016031819583003943
99,Equal-Weight,XOM,0.022870273908448892,0.022870273908448892,0.31709764675706065,0.006987820119436275,0.03937581178412504,0.03422799702425591,762,655,0.006946386122430723
100,Markowitz,ABT,0.01631513233982123,0.01631513233982123,0.047634863094408,-0.003608478043703909,-0.0203334873891252,-0.01758084250813767,121,130,0.010359038334152299
101,Markowitz,ADBE,0.015221000583871701,0.015221000583871701,-0.022546846405223857,-0.003755772424256706,-0.02116347953351001,-0.01829847450574694,120,132,0.013443867693873115
102,Markowitz,ADI,0.0,0.0,0.23314478332260657,0.0,0.0,0.0,0,0,0.0
103,Markowitz,ADP,0.017049730270379475,0.017049730270379475,0.13983873500759025,0.00037404769112963233,0.002107729053190785,0.0018223953336106774,253,248,0.009949071561041727
104,Markowitz,AMAT,0.0,0.0,0.4136165172681757,0.0,0.0,0.0,0,0,0.0
105,Markowitz,AME,0.0,0.0,0.151775427366502,0.0,0.0,0.0,0,0,0.0
106,Markowitz,AXP,0.018769102675991405,0.018769102675991405,0.23730633078679256,0.005090781488105338,0.028686149655196745,0.02480276352017248,131,119,0.013393140432863816
107,Markowitz,BA,0.0,0.0,0.07108335578606524,0.0,0.0,0.0,0,0,0.0
108,Markowitz,CL,0.00023174589423930828,0.00023174589423930828,0.052686715243476345,-2.8388848097327548e-05,-0.0001599689059452584,-0.00013831312296811433,120,130,0.0001227755049167557
109,Markowitz,COF,0.0,0.0,0.2178132054219024,0.0,0.0,0.0,0,0,0.0
110,Markowitz,CSCO,0.01830732776599832,0.01830732776599832,0.22233828767371724,-0.004665170367652182,-0.026287864770103565,-0.022729146336480696,114,136,0.01274833570568542
111,Markowitz,CVX,0.004031806605659633,0.004031806605659633,0.23263608171315198,-0.00041504516951479777,-0.002338746590123067,-0.0020221388825503684,125,125,0.0022233238969699867
112,Markowitz,DD,0.0,0.0,0.13927896765313355,0.0,0.0,0.0,0,0,0.0
113,Markowitz,DELL,0.050463556826677275,0.050463556826677275,0.5879717655475661,0.023427325349509427,0.13201111903294996,0.11414012011941244,261,241,0.06809908085125595
114,Markowitz,FDX,0.040321375307210014,0.040321375307210014,0.1549556930763913,0.0021470545266502627,0.01209848185652132,0.010460650454915071,128,124,0.025638576266584067
115,Markowitz,GE,0.0900467374842851,0.0900467374842851,0.38466942105356566,0.04950303570983454,0.2789456774125597,0.2411834196990138,293,206,0.05167190629215844
116,Markowitz,GILD,0.04096786711781719,0.04096786711781719,0.22329031147715028,0.006393703735816932,0.036028013114523985,0.03115072256549177,336,327,0.015664247686294104
117,Markowitz,GM,0.011691218014710804,0.011691218014710804,0.208995769391716,0.005717754709725864,0.03221909399924892,0.027857435692935917,218,195,0.00917695841338201
118,Markowitz,GS,0.0,0.0,0.30299292213926804,0.0,0.0,0.0,0,0,0.0
119,Markowitz,HAS,0.0,0.0,0.0948928888502429,0.0,0.0,0.0,0,0,0.0
120,Markowitz,IBM,0.0041027949333435655,0.0041027949333435655,0.20545621671766792,0.0012841213801867376,0.007235922062957013,0.0062563594604063116,139,111,0.002912808572371855
121,Markowitz,INTC,0.012348567794310835,0.012348567794310835,0.25917913036650897,-0.010660834069135022,-0.06007295388163385,-0.05194058062841033,125,126,0.015040511644144817
122,Markowitz,JBL,0.020637930401938134,0.020637930401938134,0.4272494984044325,0.003047239497884096,0.01717095272617229,0.014846435823643523,126,126,0.018946920521990922
123,Markowitz,JNJ,0.028543921825770625,0.028543921825770625,0.1369238378565616,0.011158809930839002,0.062879008340442,0.05436676559931443,88,77,0.016643335665147023
124,Markowitz,JPM,0.0,0.0,0.2391850869269287,0.0,0.0,0.0,0,0,0.0
125,Markowitz,KLAC,0.0,0.0,0.45539385410487315,0.0,0.0,0.0,0,0,0.0
126,Markowitz,KMB,0.0028632819570324573,0.0028632819570324573,0.020411268349495856,4.640139438763981e-06,2.6146817472400214e-05,2.2607193309945402e-05,127,124,0.0014918003521322272
127,Markowitz,LMT,0.044682157398684454,0.044682157398684454,0.14011433378481936,-0.0002546507189316925,-0.001434936590805569,-0.0012406821185828097,123,127,0.018845259945323857
128,Markowitz,LOW,0.039262925950333157,0.039262925950333157,0.09683115317230437,-0.008339556720472999,-0.046992740250284354,-0.04063110029064303,132,119,0.030760185916532855
129,Markowitz,MA,0.0,0.0,0.12683823787898235,0.0,0.0,0.0,0,0,0.0
130,Markowitz,MKC,0.0,0.0,-0.046786929175181825,0.0,0.0,0.0,0,0,0.0
131,Markowitz,MMM,0.009798349512335372,0.009798349512335372,0.10460356629902513,0.0026327154080248937,0.014835142378552973,0.012826835689908656,138,112,0.006843629916946512
132,Markowitz,MRK,0.05260774570626168,0.05260774570626168,0.17499249023481908,0.002762185870863121,0.015564698161212826,0.013457627893448896,132,116,0.024020836242734482
133,Markowitz,MS,0.0,0.0,0.27419798112601446,0.0,0.0,0.0,0,0,0.0
134,Markowitz,MU,0.0027108473225723123,0.0027108473225723123,0.6097030032572496,0.004629230362760535,0.02608534569492047,0.02255404327139645,88,77,0.007884705206578264
135,Markowitz,NEM,0.06575799559861276,0.06575799559861276,0.22276446057833088,0.012436203787811226,0.07007702134401564,0.06059034793743492,212,205,0.046262437361767154
136,Markowitz,OLN,0.035727018043305664,0.035727018043305664,0.06795161065829264,-0.000569835053285238,-0.003210975300258087,-0.002776289672845254,123,127,0.037482263253554776
137,Markowitz,PG,0.007574641621567962,0.007574641621567962,0.051079331206517094,-0.0009198798396050558,-0.005183449889838013,-0.0044817406093754335,128,121,0.003570086971352187
138,Markowitz,PH,0.0,0.0,0.28471362433957287,0.0,0.0,0.0,0,0,0.0
139,Markowitz,PPG,0.0,0.0,0.017964673846852946,0.0,0.0,0.0,0,0,0.0
140,Markowitz,QCOM,0.04307800895152948,0.04307800895152948,0.12992604983380615,0.012682615789742818,0.07146553341839207,0.06179089025627567,129,123,0.03635512302563874
141,Markowitz,RTX,0.036142005250565566,0.036142005250565566,0.24860670863687082,0.01754622876717597,0.09887160654519793,0.08548686754675103,229,184,0.021209340658623708
142,Markowitz,SPGI,0.010633127105282745,0.010633127105282745,0.0968458861309993,-0.0031885348244077476,-0.01796714067721826,-0.01553483986896741,115,136,0.007561630854194765
143,Markowitz,T,0.03744971817945058,0.03744971817945058,0.12173191853010604,0.005155663259874301,0.02905175328976789,0.025118873580232105,219,191,0.01813255419753222
144,Markowitz,TMUS,0.09804658633490738,0.09804658633490738,0.09526369921452024,-0.0032376385126169304,-0.018243836063158894,-0.015774077630294685,384,370,0.036563166617385505
145,Markowitz,TXN,0.0,0.0,0.16673537219370843,0.0,0.0,0.0,0,0,0.0
146,Markowitz,UNP,0.0,0.0,0.118057806495451,0.0,0.0,0.0,0,0,0.0
147,Markowitz,V,0.0,0.0,0.1319124624963826,0.0,0.0,0.0,0,0,0.0
148,Markowitz,WDC,0.05078276476612491,0.05078276476612491,0.5669313480694387,0.06923361922887183,0.390125949623008,0.3373126678863736,95,70,0.13623319946673898
149,Markowitz,XOM,0.07383301045940895,0.07383301045940895,0.31709764675706065,0.00966738352192426,0.05447493889338274,0.047100396650954855,271,230,0.03647929641603415
150,Risk-Parity,ABT,0.024782600951822477,0.024782600951822477,0.047634863094408,0.0002712934833353804,0.0015287172473660324,0.0016634941542679872,724,694,0.005927915741734694
151,Risk-Parity,ADBE,0.015707328732222303,0.015707328732222303,-0.022546846405223857,-0.0011313797443300295,-0.006375235067256515,-0.006937297452971182,720,698,0.005762865355602427
152,Risk-Parity,ADI,0.013977714266900856,0.013977714266900856,0.23314478332260657,0.002580420883477037,0.01454046688308489,0.015822403850034843,746,673,0.0045362923433858535
153,Risk-Parity,ADP,0.019689483172271025,0.019689483172271025,0.13983873500759025,0.002438411028011938,0.013740252618162507,0.014951639976497205,744,674,0.004422923326619258
154,Risk-Parity,AMAT,0.013449686133870152,0.013449686133870152,0.4136165172681757,0.005409246079663904,0.03048067235366168,0.03316795199755702,745,675,0.0068774317563996615
155,Risk-Parity,AME,0.01770487142993318,0.01770487142993318,0.151775427366502,0.0025914154922766944,0.014602420631082962,0.015889819650966867,745,669,0.003813610844311381
156,Risk-Parity,AXP,0.014464385709526652,0.014464385709526652,0.23730633078679256,0.0033360110835330783,0.018798157692924488,0.020455467148726633,747,672,0.0041533631240585935
157,Risk-Parity,BA,0.013065245114951936,0.013065245114951936,0.07108335578606524,0.000828775402747585,0.004670083618657026,0.0050818140587894755,702,716,0.00476564836588816
158,Risk-Parity,CL,0.03574629204941733,0.03574629204941733,0.052686715243476345,0.001486127886498039,0.008374212693758792,0.009112511739281143,733,677,0.007028768759914402
159,Risk-Parity,COF,0.012531721731191955,0.012531721731191955,0.2178132054219024,0.002545192253668897,0.014341956350039025,0.015606391953883747,743,672,0.004297584625567101
160,Risk-Parity,CSCO,0.020137873936251414,0.020137873936251414,0.22233828767371724,0.00449051691875887,0.025303706446974585,0.027534567185907376,752,658,0.005191220562539018
161,Risk-Parity,CVX,0.021240833894681333,0.021240833894681333,0.23263608171315198,0.00403324459463558,0.022727013191994144,0.024730703898313153,782,638,0.005589305651615073
162,Risk-Parity,DD,0.014026206728616505,0.014026206728616505,0.13927896765313355,0.001634142112396389,0.009208261109535208,0.010020092697375966,710,704,0.004192093340751585
163,Risk-Parity,DELL,0.017688869058296128,0.017688869058296128,0.5879717655475661,0.00965725738597725,0.054417878920982925,0.0592155440312393,732,686,0.010323140775759994
164,Risk-Parity,FDX,0.01697183152260957,0.01697183152260957,0.1549556930763913,0.001976501062331029,0.011137426621071672,0.012119339995452618,730,687,0.005409086296927587
165,Risk-Parity,GE,0.018669988653645737,0.018669988653645737,0.38466942105356566,0.007154210569684891,0.040313408765684705,0.043867575861970626,776,636,0.005790998541528344
166,Risk-Parity,GILD,0.029644131808761423,0.029644131808761423,0.22329031147715028,0.006355268337592064,0.035811432695955284,0.0389686902848289,737,675,0.007210575330520946
167,Risk-Parity,GM,0.013070282742872398,0.013070282742872398,0.208995769391716,0.0027667147614267086,0.01559021810010288,0.0169647047012576,741,674,0.004889277380744697
168,Risk-Parity,GS,0.01536475713177928,0.01536475713177928,0.30299292213926804,0.004347930685888009,0.024500244341114974,0.026660269130739763,752,668,0.0042330214966714635
169,Risk-Parity,HAS,0.017522588313099698,0.017522588313099698,0.0948928888502429,0.0004383427849115714,0.002470026803866791,0.00268779275971224,720,693,0.005651583424771489
170,Risk-Parity,IBM,0.022310031462957913,0.022310031462957913,0.20545621671766792,0.004214546253647483,0.02374863365150566,0.025842393888863162,771,648,0.0060700700804280985
171,Risk-Parity,INTC,0.013267361735117928,0.013267361735117928,0.25917913036650897,0.003482061127275188,0.019621138098137966,0.021351004302839687,700,711,0.007906956299392287
172,Risk-Parity,JBL,0.015411724213082328,0.015411724213082328,0.4272494984044325,0.006223440495195316,0.035068593266576784,0.03816035960728861,765,652,0.006020240296869951
173,Risk-Parity,JNJ,0.036696559061577545,0.036696559061577545,0.1369238378565616,0.005182313065491146,0.029201922829354875,0.031776463570169625,738,679,0.0066069753166819074
174,Risk-Parity,JPM,0.01694229938309896,0.01694229938309896,0.2391850869269287,0.0039500791135974244,0.022258382306779137,0.024220756921913313,767,652,0.004021633243629358
175,Risk-Parity,KLAC,0.013169096822676269,0.013169096822676269,0.45539385410487315,0.00537554967051921,0.030290795762449516,0.032961335240888644,759,661,0.006401717831824059
176,Risk-Parity,KMB,0.03665587778486566,0.03665587778486566,0.020411268349495856,0.0005767133574290324,0.003249733998211214,0.0035362415896495144,732,687,0.007750270835424735
177,Risk-Parity,LMT,0.0350233009577509,0.0350233009577509,0.14011433378481936,0.004268554626976284,0.024052966548834615,0.026173557808502605,746,672,0.008568158022123072
178,Risk-Parity,LOW,0.017009895840434584,0.017009895840434584,0.09683115317230437,0.001321426529326533,0.007446133617633638,0.00810261005831779,741,676,0.004546956574591465
179,Risk-Parity,MA,0.0172223186797199,0.0172223186797199,0.12683823787898235,0.0020001648664925483,0.011270770279442137,0.012264439683828714,745,675,0.003978645376318016
180,Risk-Parity,MKC,0.02762255098380534,0.02762255098380534,-0.046786929175181825,-0.002264821461933714,-0.012762089190261406,-0.013887238337125494,717,695,0.007061551488507607
181,Risk-Parity,MMM,0.017589891064295964,0.017589891064295964,0.10460356629902513,0.0007822280760212861,0.004407793126786613,0.004796399145928198,719,694,0.004685270126910014
182,Risk-Parity,MRK,0.03591385941513681,0.03591385941513681,0.17499249023481908,0.005870252901992548,0.033078409209640544,0.03599471416151699,736,676,0.008366742953715442
183,Risk-Parity,MS,0.014223448550927262,0.014223448550927262,0.27419798112601446,0.0034987116195273095,0.01971496230051103,0.021453100365695893,760,657,0.003990520157470049
184,Risk-Parity,MU,0.013914391863745424,0.013914391863745424,0.6097030032572496,0.008549674271175967,0.048176735972499496,0.052424160713859094,742,678,0.00899022913863343
185,Risk-Parity,NEM,0.02614164263917045,0.02614164263917045,0.22276446057833088,0.003310547234991148,0.01865467092733107,0.020299330102329902,724,690,0.009759821215251773
186,Risk-Parity,OLN,0.011721093794791962,0.011721093794791962,0.06795161065829264,0.0015870153268423206,0.008942705413159108,0.009731124708485058,698,720,0.005647966735276875
187,Risk-Parity,PG,0.03273126910840312,0.03273126910840312,0.051079331206517094,0.00100153042496625,0.005643544458143154,0.006141098513572792,754,662,0.006081686752192578
188,Risk-Parity,PH,0.013890773192619376,0.013890773192619376,0.28471362433957287,0.0038372494768796057,0.021622596258607303,0.023528917815419763,750,670,0.003876638289404767
189,Risk-Parity,PPG,0.015031207651964206,0.015031207651964206,0.017964673846852946,0.00021311079944176054,0.0012008624412988094,0.0013067345544916498,729,687,0.0041838734712669155
190,Risk-Parity,QCOM,0.012752622228780427,0.012752622228780427,0.12992604983380615,0.001045419341560896,0.005890855019906636,0.006410212814789137,737,683,0.005285970306083839
191,Risk-Parity,RTX,0.02255705063480766,0.02255705063480766,0.24860670863687082,0.005749738583008951,0.03239932058679647,0.03525575477823181,746,664,0.005609278567823177
192,Risk-Parity,SPGI,0.018145063578340337,0.018145063578340337,0.0968458861309993,0.0014616090048788742,0.008236050741777783,0.008962168960157888,760,658,0.004505080446972336
193,Risk-Parity,T,0.028964953389779047,0.028964953389779047,0.12173191853010604,0.003094554484628115,0.017437568921317155,0.01897492424791802,733,668,0.0072504650424814535
194,Risk-Parity,TMUS,0.028120697053084332,0.028120697053084332,0.09526369921452024,0.00243408626193609,0.013715882904560505,0.014925121746139065,735,683,0.0072166956937365
195,Risk-Parity,TXN,0.014735095976318486,0.014735095976318486,0.16673537219370843,0.0021169712724519456,0.011928965106673663,0.012980663203485851,724,693,0.004829772501681714
196,Risk-Parity,UNP,0.01821782311431771,0.01821782311431771,0.118057806495451,0.0021302737736583624,0.012003923645217757,0.013062230341486956,739,680,0.00422614047921071
197,Risk-Parity,V,0.01921062772124429,0.01921062772124429,0.1319124624963826,0.002349500492016504,0.013239248804219981,0.0144064659639744,752,667,0.004270670429392864
198,Risk-Parity,WDC,0.015115993715761951,0.015115993715761951,0.5669313480694387,0.010037000227650751,0.056557699695492326,0.06154401867605063,750,668,0.010268185997689954
199,Risk-Parity,XOM,0.024234785298702502,0.024234785298702502,0.31709764675706065,0.006477382137368481,0.03649953426612398,0.03971745722749961,762,655,0.006678669448355521
200,Simulated (Max Sharpe Ratio),ABT,0.026973566754404047,0.026973566754404047,0.047634863094408,-0.0024835088273959974,-0.013994375138501255,-0.010449888246464421,724,694,0.009630980416116527
201,Simulated (Max Sharpe Ratio),ADBE,0.017568626549820717,0.017568626549820717,-0.022546846405223857,0.0014254597996988876,0.008032352839573096,0.005997923358420087,720,698,0.00898037816667706
202,Simulated (Max Sharpe Ratio),ADI,0.01693827410121851,0.01693827410121851,0.23314478332260657,0.003475229573117712,0.019582642832647424,0.014622762870533485,746,673,0.005662201021050698
203,Simulated (Max Sharpe Ratio),ADP,0.010999691220942586,0.010999691220942586,0.13983873500759025,0.0013597270362943432,0.007661953934674473,0.005721338864686275,744,674,0.002743891203015285
204,Simulated (Max Sharpe Ratio),AMAT,0.026470167468258445,0.026470167468258445,0.4136165172681757,0.01010040760782355,0.056914995250434294,0.04249959959118173,745,675,0.013704187039472555
205,Simulated (Max Sharpe Ratio),AME,0.02019953445965296,0.02019953445965296,0.151775427366502,0.0028999563218749637,0.01634102371850178,0.012202179089895114,745,669,0.005550880184342518
206,Simulated (Max Sharpe Ratio),AXP,0.01336103088262849,0.01336103088262849,0.23730633078679256,0.003456270462538676,0.019475809749225872,0.014542988406026741,747,672,0.004949187032786413
207,Simulated (Max Sharpe Ratio),BA,0.014466244209959355,0.014466244209959355,0.07108335578606524,0.0010050518087561413,0.005663387176324288,0.004228967889121961,702,716,0.005779583495890289
208,Simulated (Max Sharpe Ratio),CL,0.013638714199384587,0.013638714199384587,0.052686715243476345,0.0013995346694086462,0.007886266787937609,0.005888837893806655,733,677,0.0038123486045090957
209,Simulated (Max Sharpe Ratio),COF,0.011556841613248074,0.011556841613248074,0.2178132054219024,0.003454554350767763,0.019466139595596125,0.014535767503074169,743,672,0.005350867593450675
210,Simulated (Max Sharpe Ratio),CSCO,0.023237876324434626,0.023237876324434626,0.22233828767371724,0.0028887794541640503,0.016278042956003776,0.01215515005692525,752,658,0.006360910377392111
211,Simulated (Max Sharpe Ratio),CVX,0.013373374528287334,0.013373374528287334,0.23263608171315198,0.0026102894138866823,0.014708773681424956,0.010983344357445107,782,638,0.004012998110463983
212,Simulated (Max Sharpe Ratio),DD,0.011015112298649758,0.011015112298649758,0.13927896765313355,0.0013388999054991559,0.007544594705590482,0.0056337043103398725,710,704,0.004230548874350931
213,Simulated (Max Sharpe Ratio),DELL,0.04283157804054871,0.04283157804054871,0.5879717655475661,0.020117211100452122,0.11335888794699213,0.0846474171991087,732,686,0.03592385028013268
214,Simulated (Max Sharpe Ratio),FDX,0.017085239779072572,0.017085239779072572,0.1549556930763913,0.002157795173564951,0.012159004549453298,0.00907937921290047,730,687,0.005896500641140822
215,Simulated (Max Sharpe Ratio),GE,0.05311803392641084,0.05311803392641084,0.38466942105356566,0.028777793935030927,0.16216058487199966,0.12108864976983792,776,636,0.02374360135135615
216,Simulated (Max Sharpe Ratio),GILD,0.004569048641324633,0.004569048641324633,0.22329031147715028,0.0011491186802879215,0.006475192563527177,0.004835159697629997,737,675,0.001660826091836689
217,Simulated (Max Sharpe Ratio),GM,0.012657590414932505,0.012657590414932505,0.208995769391716,0.00444925270290869,0.025071185865596587,0.01872117103542795,741,674,0.005761177066654073
218,Simulated (Max Sharpe Ratio),GS,0.0037547543755459185,0.0037547543755459185,0.30299292213926804,0.001355879517055183,0.007640273469120475,0.0057051496143676024,752,668,0.001349012539382584
219,Simulated (Max Sharpe Ratio),HAS,0.010442396285942351,0.010442396285942351,0.0948928888502429,0.0015444515902927622,0.008702862135776677,0.006498606464610802,720,693,0.003507303927464725
220,Simulated (Max Sharpe Ratio),IBM,0.024878719987894947,0.024878719987894947,0.20545621671766792,0.0035777727841774377,0.020160465688618897,0.015054235102154787,771,648,0.009364615658057936
221,Simulated (Max Sharpe Ratio),INTC,0.015408521738323747,0.015408521738323747,0.25917913036650897,-0.005812585499412981,-0.03275345797288267,-0.024457681898225062,700,711,0.011755500227052856
222,Simulated (Max Sharpe Ratio),JBL,0.02223747033021654,0.02223747033021654,0.4272494984044325,0.009940584071669466,0.05601440230861366,0.0418271082863225,765,652,0.011015938132118947
223,Simulated (Max Sharpe Ratio),JNJ,0.023053769831826377,0.023053769831826377,0.1369238378565616,0.002956178906539377,0.016657833520975853,0.012438747496735257,738,679,0.006019779270109747
224,Simulated (Max Sharpe Ratio),JPM,0.026641086709341878,0.026641086709341878,0.2391850869269287,0.006172809847513277,0.034783293585193865,0.025973401971284168,767,652,0.01008585442114511
225,Simulated (Max Sharpe Ratio),KLAC,0.009017884007143573,0.009017884007143573,0.45539385410487315,0.003732203500127417,0.021030670516591,0.015704034976307377,759,661,0.0073093023968788685
226,Simulated (Max Sharpe Ratio),KMB,0.009617545500888244,0.009617545500888244,0.020411268349495856,0.0005216954776685258,0.0029397126122591532,0.0021951439754044,732,687,0.002535871928461348
227,Simulated (Max Sharpe Ratio),LMT,0.03432560165143829,0.03432560165143829,0.14011433378481936,0.0036437786578225116,0.020532403548047487,0.015331968764943693,746,672,0.010402711036212878
228,Simulated (Max Sharpe Ratio),LOW,0.01785279341652275,0.01785279341652275,0.09683115317230437,-0.0031671045762941756,-0.017846382929911624,-0.013326261828447698,741,676,0.010776847510994576
229,Simulated (Max Sharpe Ratio),MA,0.01722900024456759,0.01722900024456759,0.12683823787898235,0.0026949371897963662,0.01518575718059857,0.011339517763720226,745,675,0.003993780514368506
230,Simulated (Max Sharpe Ratio),MKC,0.020016301044375826,0.020016301044375826,-0.046786929175181825,-0.001087900697057628,-0.00613023408659457,-0.004577572095615608,717,695,0.005523016188783287
231,Simulated (Max Sharpe Ratio),MMM,0.015000882050632654,0.015000882050632654,0.10460356629902513,0.0024315807377943027,0.013701764474872659,0.010231389835182722,719,694,0.004971964152363211
232,Simulated (Max Sharpe Ratio),MRK,0.019088925104619632,0.019088925104619632,0.17499249023481908,0.0016347493408625858,0.009211682793749492,0.006878553333312355,736,676,0.005596694690814998
233,Simulated (Max Sharpe Ratio),MS,0.012343305845469723,0.012343305845469723,0.27419798112601446,0.0016854097220733108,0.009497150021206751,0.007091717593626437,760,657,0.005385050070277019
234,Simulated (Max Sharpe Ratio),MU,0.01210511292375484,0.01210511292375484,0.6097030032572496,0.009200702045564405,0.051845225812307355,0.0387138982976661,742,678,0.011964008089033083
235,Simulated (Max Sharpe Ratio),NEM,0.015256625029541341,0.015256625029541341,0.22276446057833088,0.0045470729218396065,0.025622395035762864,0.01913277027952831,724,690,0.0073724016413654475
236,Simulated (Max Sharpe Ratio),OLN,0.019773026034084734,0.019773026034084734,0.06795161065829264,-0.0008676920937748925,-0.004889376083969632,-0.0036509978592649344,698,720,0.014798899366619774
237,Simulated (Max Sharpe Ratio),PG,0.01565806892666631,0.01565806892666631,0.051079331206517094,0.0011103879591193727,0.006256948023609163,0.004672192003111802,754,662,0.003548958323764028
238,Simulated (Max Sharpe Ratio),PH,0.01706926121077089,0.01706926121077089,0.28471362433957287,0.004783454134183926,0.02695438440690942,0.02012739418636254,750,670,0.005462149990949629
239,Simulated (Max Sharpe Ratio),PPG,0.014413307361569752,0.014413307361569752,0.017964673846852946,0.0017005114053826886,0.009582246808108801,0.007155261117682264,729,687,0.005675628051750252
240,Simulated (Max Sharpe Ratio),QCOM,0.04510949651680594,0.04510949651680594,0.12992604983380615,0.010771951986869931,0.0606990945291877,0.045325264487623446,737,683,0.027256316246337252
241,Simulated (Max Sharpe Ratio),RTX,0.04624623861681625,0.04624623861681625,0.24860670863687082,0.0154012106547403,0.08678459972115567,0.0648038486623954,746,664,0.017308583925106914
242,Simulated (Max Sharpe Ratio),SPGI,0.01564602378526755,0.01564602378526755,0.0968458861309993,-0.0013872096339510528,-0.007816816191311488,-0.00583697770239328,760,658,0.00604033172182569
243,Simulated (Max Sharpe Ratio),T,0.010105808086312552,0.010105808086312552,0.12173191853010604,0.0008627636876430858,0.0048616049065602455,0.0036302605489149766,733,668,0.0032246931122031893
244,Simulated (Max Sharpe Ratio),TMUS,0.038073206977149866,0.038073206977149866,0.09526369921452024,0.003297263262093424,0.01857981679433596,0.013873932006183672,735,683,0.009646347267357327
245,Simulated (Max Sharpe Ratio),TXN,0.007882369607997207,0.007882369607997207,0.16673537219370843,0.0010501481039323379,0.00591750122057111,0.004418720081553241,724,693,0.002787990127507316
246,Simulated (Max Sharpe Ratio),UNP,0.011459749156889963,0.011459749156889963,0.118057806495451,0.0016714624902268997,0.009418558476675387,0.007033031668078371,739,680,0.002955238872599829
247,Simulated (Max Sharpe Ratio),V,0.006654812769276177,0.006654812769276177,0.1319124624963826,0.0004942955032951763,0.00278531593126647,0.0020798527926234197,752,667,0.0022367253734364677
248,Simulated (Max Sharpe Ratio),WDC,0.0451998176885079,0.0451998176885079,0.5669313480694387,0.05431655879212576,0.3060694979556293,0.2285484001703225,750,668,0.09098315750372468
249,Simulated (Max Sharpe Ratio),XOM,0.048377571770659926,0.048377571770659926,0.31709764675706065,0.009299743712891889,0.05240331774724795,0.03913063704403122,762,655,0.01906306812689722
