,Parameter,Parameter Value,Scenario,Model,Calibration End,Validation Start,Validation End,Annualized Return,Gross Return,Annualized Volatility,Sharpe Ratio,Sortino Ratio,Maximum Drawdown,Calmar Ratio,VaR 95%,CVaR 95%,Terminal Growth,Initial Turnover,Initial Transaction Cost Rate,HHI,Effective Holdings,Active Holdings (>1%),Maximum Weight,Validation Days
0,Lookback Window,126.0,Lookback Window=126,Simulated (Max Sharpe Ratio),2021-04-28,2021-04-29,2026-08-31,-0.07835033839497496,0.18594032113400027,0.19644564155166652,-0.6533631257032392,-0.9919094322913757,-0.5622248575712754,-0.1393576561759228,-0.01921005366522055,-0.02681284044242081,0.6477982901974824,0.9999999999999999,0.0009999999999999998,0.049048751785525035,20.38787866351196,28,0.12989337353499267,1341
1,Lookback Window,126.0,Lookback Window=126,Equal-Weight,2021-04-28,2021-04-29,2026-08-31,-0.08363099259420281,0.1791453956892013,0.16815974212349222,-0.7946669690779355,-1.1493069385567383,-0.5375993442041347,-0.1555637920615596,-0.016694938738641474,-0.023849392082636048,0.6282902246158959,1.0,0.001,0.020000000000000004,49.99999999999999,50,0.02,1341
2,Lookback Window,126.0,Lookback Window=126,Markowitz,2021-04-28,2021-04-29,2026-08-31,-0.122122764991206,0.12961863883970626,0.2612081386897815,-0.6589487060187817,-1.027582450284722,-0.6374878512010169,-0.19156877226935173,-0.025737785713822237,-0.03577386310052206,0.5000194965927806,1.00001,0.0010000100000000002,0.19795420349999998,5.051673479618735,7,0.26635,1341
3,Lookback Window,126.0,Lookback Window=126,Black-Litterman,2021-04-28,2021-04-29,2026-08-31,-0.11548183802448553,0.13816105702824166,0.16070265028192365,-1.0297393212506305,-1.4629599938905522,-0.5276578830294544,-0.21885741071746523,-0.016007067054351953,-0.023717326425825545,0.520479707960412,1.0,0.001,0.08580407599999999,11.654458000340219,18,0.17228,1341
4,Lookback Window,126.0,Lookback Window=126,Risk-Parity,2021-04-28,2021-04-29,2026-08-31,-0.11136547195467705,0.14345782509761196,0.1438120663510115,-1.1220579472157906,-1.6118274987564774,-0.5381666189540043,-0.20693493061894122,-0.014295944991197795,-0.020661886380152046,0.5334995842495542,1.0000000000000002,0.0010000000000000002,0.02528120685559395,39.55507368425851,47,0.05826134914493875,1341
5,Lookback Window,252.0,Lookback Window=252,Simulated (Max Sharpe Ratio),2021-04-28,2021-04-29,2026-08-31,-0.07511692782132973,0.19010093891949276,0.20666102945971915,-0.6054210034104015,-0.9121108639481782,-0.5727042760452636,-0.13116180717217635,-0.02040468106638993,-0.028207417203827172,0.6599841295839789,0.9999999999999998,0.0009999999999999998,0.04937308225328782,20.253951229334252,29,0.12043812079169251,1341
6,Lookback Window,252.0,Lookback Window=252,Equal-Weight,2021-04-28,2021-04-29,2026-08-31,-0.08363099259420281,0.1791453956892013,0.16815974212349222,-0.7946669690779355,-1.1493069385567383,-0.5375993442041347,-0.1555637920615596,-0.016694938738641474,-0.023849392082636048,0.6282902246158959,1.0,0.001,0.020000000000000004,49.99999999999999,50,0.02,1341
7,Lookback Window,252.0,Lookback Window=252,Markowitz,2021-04-28,2021-04-29,2026-08-31,-0.01049803342897171,0.2732498354682553,0.2793093591156291,-0.21659866185839696,-0.34007532827621595,-0.5520244439672014,-0.019017334365714157,-0.02682010150233627,-0.036683196647899916,0.9453880153952612,1.0,0.001,0.2021239084,4.9474602382070305,7,0.3,1341
8,Lookback Window,252.0,Lookback Window=252,Black-Litterman,2021-04-28,2021-04-29,2026-08-31,-0.09398901059735987,0.16581713039630896,0.17335820851277095,-0.8305866323413954,-1.162741562332007,-0.5075794149825061,-0.18517104481197139,-0.017481748900858185,-0.025456755832765167,0.5914101834217971,0.9999999999999999,0.0009999999999999998,0.09542058273852219,10.479919230217513,16,0.1594868102637947,1341
9,Lookback Window,252.0,Lookback Window=252,Risk-Parity,2021-04-28,2021-04-29,2026-08-31,-0.10546339439425279,0.15105237218959133,0.14429233893104948,-1.0774196020797848,-1.5552275067718973,-0.5383779531615456,-0.19589099771811694,-0.014508518895471778,-0.020637181592408984,0.5526279392171244,1.0,0.001,0.02477542063880252,40.36258413444775,48,0.056790263524080044,1341
10,Lookback Window,504.0,Lookback Window=504,Simulated (Max Sharpe Ratio),2021-04-28,2021-04-29,2026-08-31,-0.09910363567677416,0.15923584429395565,0.16946662723643333,-0.8798406984801231,-1.30613464701367,-0.5209237647553738,-0.19024594841303372,-0.01647193058203822,-0.023781971863111463,0.573859225823104,1.0000000000000002,0.0010000000000000002,0.03592868971736779,27.832910352881694,31,0.08231953378193868,1341
11,Lookback Window,504.0,Lookback Window=504,Equal-Weight,2021-04-28,2021-04-29,2026-08-31,-0.08363099259420281,0.1791453956892013,0.16815974212349222,-0.7946669690779355,-1.1493069385567383,-0.5375993442041347,-0.1555637920615596,-0.016694938738641474,-0.023849392082636048,0.6282902246158959,1.0,0.001,0.020000000000000004,49.99999999999999,50,0.02,1341
12,Lookback Window,504.0,Lookback Window=504,Markowitz,2021-04-28,2021-04-29,2026-08-31,-0.04762832531559469,0.22547212543564155,0.23865978164124838,-0.40906902974690923,-0.6226948386539023,-0.5311822467032205,-0.08966475369084644,-0.02472456271100365,-0.03354888929000505,0.7712943410268452,1.0,0.001,0.2547208408,3.9258664381732835,5,0.3,1341
13,Lookback Window,504.0,Lookback Window=504,Black-Litterman,2021-04-28,2021-04-29,2026-08-31,-0.05164396586054609,0.22030496676805655,0.21415124261394683,-0.47463635802375875,-0.6805003576164577,-0.5087688626137383,-0.1015077172671918,-0.0216689533199389,-0.030737854382244884,0.7541452726799601,1.0,0.001,0.1299480792,7.695381156507313,10,0.19928,1341
14,Lookback Window,504.0,Lookback Window=504,Risk-Parity,2021-04-28,2021-04-29,2026-08-31,-0.09617109271314828,0.1630093181950545,0.14988943333985372,-0.9751927768098594,-1.4119974325410114,-0.5373774940518622,-0.17896375225544303,-0.014844559220248854,-0.021314787960063274,0.5838697770502148,1.0000000000000002,0.0010000000000000002,0.022766508086448086,43.92417125203564,50,0.047032108035671656,1341
15,Maximum Weight,0.2,Maximum Weight=0.2,Simulated (Max Sharpe Ratio),2021-04-28,2021-04-29,2026-08-31,-0.049551337943701035,0.22299767303932638,0.21584985261161624,-0.4612064207559415,-0.6866135126249107,-0.5170202634526908,-0.09584022415832287,-0.02133197118298058,-0.0304194271242093,0.7630429080118949,1.0000000000000002,0.0010000000000000002,0.060236240558644426,16.601301653718348,29,0.18549765443470378,1341
16,Maximum Weight,0.2,Maximum Weight=0.2,Equal-Weight,2021-04-28,2021-04-29,2026-08-31,-0.08363099259420281,0.1791453956892013,0.16815974212349222,-0.7946669690779355,-1.1493069385567383,-0.5375993442041347,-0.1555637920615596,-0.016694938738641474,-0.023849392082636048,0.6282902246158959,1.0,0.001,0.020000000000000004,49.99999999999999,50,0.02,1341
17,Maximum Weight,0.2,Maximum Weight=0.2,Markowitz,2021-04-28,2021-04-29,2026-08-31,-0.036441377159385335,0.23986702345554511,0.2643852289993593,-0.32695236979216724,-0.5036024761756925,-0.5757175013620142,-0.06329732390134656,-0.026085161261978573,-0.03528822623264452,0.8207458311970813,1.0,0.001,0.16996186340000002,5.883672842810218,7,0.2,1341
18,Maximum Weight,0.2,Maximum Weight=0.2,Black-Litterman,2021-04-28,2021-04-29,2026-08-31,-0.09398901059735987,0.16581713039630896,0.17335820851277095,-0.8305866323413954,-1.162741562332007,-0.5075794149825061,-0.18517104481197139,-0.017481748900858185,-0.025456755832765167,0.5914101834217971,0.9999999999999999,0.0009999999999999998,0.09542058273852219,10.479919230217513,16,0.1594868102637947,1341
19,Maximum Weight,0.2,Maximum Weight=0.2,Risk-Parity,2021-04-28,2021-04-29,2026-08-31,-0.10546339439425279,0.15105237218959133,0.14429233893104948,-1.0774196020797848,-1.5552275067718973,-0.5383779531615456,-0.19589099771811694,-0.014508518895471778,-0.020637181592408984,0.5526279392171244,1.0,0.001,0.02477542063880252,40.36258413444775,48,0.056790263524080044,1341
20,Maximum Weight,0.3,Maximum Weight=0.3,Simulated (Max Sharpe Ratio),2021-04-28,2021-04-29,2026-08-31,-0.07511692782132973,0.19010093891949276,0.20666102945971915,-0.6054210034104015,-0.9121108639481782,-0.5727042760452636,-0.13116180717217635,-0.02040468106638993,-0.028207417203827172,0.6599841295839789,0.9999999999999998,0.0009999999999999998,0.04937308225328782,20.253951229334252,29,0.12043812079169251,1341
21,Maximum Weight,0.3,Maximum Weight=0.3,Equal-Weight,2021-04-28,2021-04-29,2026-08-31,-0.08363099259420281,0.1791453956892013,0.16815974212349222,-0.7946669690779355,-1.1493069385567383,-0.5375993442041347,-0.1555637920615596,-0.016694938738641474,-0.023849392082636048,0.6282902246158959,1.0,0.001,0.020000000000000004,49.99999999999999,50,0.02,1341
22,Maximum Weight,0.3,Maximum Weight=0.3,Markowitz,2021-04-28,2021-04-29,2026-08-31,-0.01049803342897171,0.2732498354682553,0.2793093591156291,-0.21659866185839696,-0.34007532827621595,-0.5520244439672014,-0.019017334365714157,-0.02682010150233627,-0.036683196647899916,0.9453880153952612,1.0,0.001,0.2021239084,4.9474602382070305,7,0.3,1341
23,Maximum Weight,0.3,Maximum Weight=0.3,Black-Litterman,2021-04-28,2021-04-29,2026-08-31,-0.09398901059735987,0.16581713039630896,0.17335820851277095,-0.8305866323413954,-1.162741562332007,-0.5075794149825061,-0.18517104481197139,-0.017481748900858185,-0.025456755832765167,0.5914101834217971,0.9999999999999999,0.0009999999999999998,0.09542058273852219,10.479919230217513,16,0.1594868102637947,1341
24,Maximum Weight,0.3,Maximum Weight=0.3,Risk-Parity,2021-04-28,2021-04-29,2026-08-31,-0.10546339439425279,0.15105237218959133,0.14429233893104948,-1.0774196020797848,-1.5552275067718973,-0.5383779531615456,-0.19589099771811694,-0.014508518895471778,-0.020637181592408984,0.5526279392171244,1.0,0.001,0.02477542063880252,40.36258413444775,48,0.056790263524080044,1341
25,Maximum Weight,0.4,Maximum Weight=0.4,Simulated (Max Sharpe Ratio),2021-04-28,2021-04-29,2026-08-31,-0.08613409487490076,0.1759245081369476,0.18716131722263868,-0.7273623465310503,-1.0796152950768063,-0.553354018806312,-0.15565820785165363,-0.01784879759476088,-0.025837857618787794,0.6192113150315903,0.9999999999999998,0.0009999999999999998,0.046828455963607504,21.354537095503318,27,0.08043631424699928,1341
26,Maximum Weight,0.4,Maximum Weight=0.4,Equal-Weight,2021-04-28,2021-04-29,2026-08-31,-0.08363099259420281,0.1791453956892013,0.16815974212349222,-0.7946669690779355,-1.1493069385567383,-0.5375993442041347,-0.1555637920615596,-0.016694938738641474,-0.023849392082636048,0.6282902246158959,1.0,0.001,0.020000000000000004,49.99999999999999,50,0.02,1341
27,Maximum Weight,0.4,Maximum Weight=0.4,Markowitz,2021-04-28,2021-04-29,2026-08-31,0.0010534733918399208,0.2881138323635586,0.28824473752935337,-0.16980891664388365,-0.26807130492514997,-0.5460263184730372,0.0019293454476442813,-0.027186799217955415,-0.03775565777282802,1.005618758946804,1.0,0.001,0.21577691740000002,4.634416007279563,7,0.33772,1341
28,Maximum Weight,0.4,Maximum Weight=0.4,Black-Litterman,2021-04-28,2021-04-29,2026-08-31,-0.09398901059735987,0.16581713039630896,0.17335820851277095,-0.8305866323413954,-1.162741562332007,-0.5075794149825061,-0.18517104481197139,-0.017481748900858185,-0.025456755832765167,0.5914101834217971,0.9999999999999999,0.0009999999999999998,0.09542058273852219,10.479919230217513,16,0.1594868102637947,1341
29,Maximum Weight,0.4,Maximum Weight=0.4,Risk-Parity,2021-04-28,2021-04-29,2026-08-31,-0.10546339439425279,0.15105237218959133,0.14429233893104948,-1.0774196020797848,-1.5552275067718973,-0.5383779531615456,-0.19589099771811694,-0.014508518895471778,-0.020637181592408984,0.5526279392171244,1.0,0.001,0.02477542063880252,40.36258413444775,48,0.056790263524080044,1341
30,Risk-Free Rate,0.02,Risk-Free Rate=0.02,Simulated (Max Sharpe Ratio),2021-04-28,2021-04-29,2026-08-31,-0.049551337943701035,0.22299767303932638,0.21584985261161624,-0.3222209193204612,-0.47970112144844784,-0.5170202634526908,-0.09584022415832287,-0.02133197118298058,-0.0304194271242093,0.7630429080118949,1.0000000000000002,0.0010000000000000002,0.060236240558644426,16.601301653718348,29,0.18549765443470378,1341
31,Risk-Free Rate,0.02,Risk-Free Rate=0.02,Equal-Weight,2021-04-28,2021-04-29,2026-08-31,-0.08363099259420281,0.1791453956892013,0.16815974212349222,-0.6162651731357845,-0.8912888883473445,-0.5375993442041347,-0.1555637920615596,-0.016694938738641474,-0.023849392082636048,0.6282902246158959,1.0,0.001,0.020000000000000004,49.99999999999999,50,0.02,1341
32,Risk-Free Rate,0.02,Risk-Free Rate=0.02,Markowitz,2021-04-28,2021-04-29,2026-08-31,-0.010520081503372913,0.2732246766601565,0.27812773380565287,-0.10973404588518818,-0.17230878198645266,-0.5498220796778451,-0.01913361047547763,-0.026787907216911933,-0.036530134979121755,0.9452759242195286,1.00001,0.0010000100000000002,0.2021572925,4.946643218423595,7,0.3,1341
33,Risk-Free Rate,0.02,Risk-Free Rate=0.02,Black-Litterman,2021-04-28,2021-04-29,2026-08-31,-0.11446137331348605,0.1394770227839215,0.13791148327391473,-0.9749831567428203,-1.3736701347438847,-0.5400090087200125,-0.21196197001378686,-0.013449626904442846,-0.020149801583134057,0.5236830692320759,1.00001,0.0010000100000000002,0.07224363550000001,13.84204979551451,19,0.13209,1341
34,Risk-Free Rate,0.02,Risk-Free Rate=0.02,Risk-Parity,2021-04-28,2021-04-29,2026-08-31,-0.10546339439425279,0.15105237218959133,0.14429233893104948,-0.8695083559093586,-1.2551129660792122,-0.5383779531615456,-0.19589099771811694,-0.014508518895471778,-0.020637181592408984,0.5526279392171244,1.0,0.001,0.02477542063880252,40.36258413444775,48,0.056790263524080044,1341
35,Risk-Free Rate,0.05,Risk-Free Rate=0.05,Simulated (Max Sharpe Ratio),2021-04-28,2021-04-29,2026-08-31,-0.07511692782132973,0.19010093891949276,0.20666102945971915,-0.6054210034104015,-0.9121108639481782,-0.5727042760452636,-0.13116180717217635,-0.02040468106638993,-0.028207417203827172,0.6599841295839789,0.9999999999999998,0.0009999999999999998,0.04937308225328782,20.253951229334252,29,0.12043812079169251,1341
36,Risk-Free Rate,0.05,Risk-Free Rate=0.05,Equal-Weight,2021-04-28,2021-04-29,2026-08-31,-0.08363099259420281,0.1791453956892013,0.16815974212349222,-0.7946669690779355,-1.1493069385567383,-0.5375993442041347,-0.1555637920615596,-0.016694938738641474,-0.023849392082636048,0.6282902246158959,1.0,0.001,0.020000000000000004,49.99999999999999,50,0.02,1341
37,Risk-Free Rate,0.05,Risk-Free Rate=0.05,Markowitz,2021-04-28,2021-04-29,2026-08-31,-0.01049803342897171,0.2732498354682553,0.2793093591156291,-0.21659866185839696,-0.34007532827621595,-0.5520244439672014,-0.019017334365714157,-0.02682010150233627,-0.036683196647899916,0.9453880153952612,1.0,0.001,0.2021239084,4.9474602382070305,7,0.3,1341
38,Risk-Free Rate,0.05,Risk-Free Rate=0.05,Black-Litterman,2021-04-28,2021-04-29,2026-08-31,-0.09398901059735987,0.16581713039630896,0.17335820851277095,-0.8305866323413954,-1.162741562332007,-0.5075794149825061,-0.18517104481197139,-0.017481748900858185,-0.025456755832765167,0.5914101834217971,0.9999999999999999,0.0009999999999999998,0.09542058273852219,10.479919230217513,16,0.1594868102637947,1341
39,Risk-Free Rate,0.05,Risk-Free Rate=0.05,Risk-Parity,2021-04-28,2021-04-29,2026-08-31,-0.10546339439425279,0.15105237218959133,0.14429233893104948,-1.0774196020797848,-1.5552275067718973,-0.5383779531615456,-0.19589099771811694,-0.014508518895471778,-0.020637181592408984,0.5526279392171244,1.0,0.001,0.02477542063880252,40.36258413444775,48,0.056790263524080044,1341
40,Risk-Free Rate,0.08,Risk-Free Rate=0.08,Simulated (Max Sharpe Ratio),2021-04-28,2021-04-29,2026-08-31,-0.08613409487490076,0.1759245081369476,0.18716131722263868,-0.8876518788189288,-1.3175311447547824,-0.553354018806312,-0.15565820785165363,-0.01784879759476088,-0.025837857618787794,0.6192113150315903,0.9999999999999998,0.0009999999999999998,0.046828455963607504,21.354537095503318,27,0.08043631424699928,1341
41,Risk-Free Rate,0.08,Risk-Free Rate=0.08,Equal-Weight,2021-04-28,2021-04-29,2026-08-31,-0.08363099259420281,0.1791453956892013,0.16815974212349222,-0.9730687650200868,-1.4073249887661323,-0.5375993442041347,-0.1555637920615596,-0.016694938738641474,-0.023849392082636048,0.6282902246158959,1.0,0.001,0.020000000000000004,49.99999999999999,50,0.02,1341
42,Risk-Free Rate,0.08,Risk-Free Rate=0.08,Markowitz,2021-04-28,2021-04-29,2026-08-31,-0.010484331139069103,0.2732706788530048,0.28058679351217225,-0.32248250178297777,-0.506466874526224,-0.5543614647750947,-0.018912445769156433,-0.027025862667429013,-0.036849313761498234,0.9454576825083124,1.00001,0.0010000100000000002,0.20233755089999997,4.942236354804076,7,0.3,1341
43,Risk-Free Rate,0.08,Risk-Free Rate=0.08,Black-Litterman,2021-04-28,2021-04-29,2026-08-31,-0.07788461376053757,0.18653959615739946,0.22051589326168064,-0.715978387885085,-0.9861001280632061,-0.5341666509046601,-0.1458058334952825,-0.022334336400648303,-0.03294223664203072,0.6495421259013429,0.9999999999999998,0.0009999999999999998,0.17223068890355153,5.80616617378797,9,0.2737645247095058,1341
44,Risk-Free Rate,0.08,Risk-Free Rate=0.08,Risk-Parity,2021-04-28,2021-04-29,2026-08-31,-0.10546339439425279,0.15105237218959133,0.14429233893104948,-1.2853308482502113,-1.8553420474645828,-0.5383779531615456,-0.19589099771811694,-0.014508518895471778,-0.020637181592408984,0.5526279392171244,1.0,0.001,0.02477542063880252,40.36258413444775,48,0.056790263524080044,1341
45,Monte Carlo Simulations,5000.0,Monte Carlo Simulations=5000,Simulated (Max Sharpe Ratio),2021-04-28,2021-04-29,2026-08-31,-0.049551337943701035,0.22299767303932638,0.21584985261161624,-0.4612064207559415,-0.6866135126249107,-0.5170202634526908,-0.09584022415832287,-0.02133197118298058,-0.0304194271242093,0.7630429080118949,1.0000000000000002,0.0010000000000000002,0.060236240558644426,16.601301653718348,29,0.18549765443470378,1341
46,Monte Carlo Simulations,5000.0,Monte Carlo Simulations=5000,Equal-Weight,2021-04-28,2021-04-29,2026-08-31,-0.08363099259420281,0.1791453956892013,0.16815974212349222,-0.7946669690779355,-1.1493069385567383,-0.5375993442041347,-0.1555637920615596,-0.016694938738641474,-0.023849392082636048,0.6282902246158959,1.0,0.001,0.020000000000000004,49.99999999999999,50,0.02,1341
47,Monte Carlo Simulations,5000.0,Monte Carlo Simulations=5000,Markowitz,2021-04-28,2021-04-29,2026-08-31,-0.01049803342897171,0.2732498354682553,0.2793093591156291,-0.21659866185839696,-0.34007532827621595,-0.5520244439672014,-0.019017334365714157,-0.02682010150233627,-0.036683196647899916,0.9453880153952612,1.0,0.001,0.2021239084,4.9474602382070305,7,0.3,1341
48,Monte Carlo Simulations,5000.0,Monte Carlo Simulations=5000,Black-Litterman,2021-04-28,2021-04-29,2026-08-31,-0.09398901059735987,0.16581713039630896,0.17335820851277095,-0.8305866323413954,-1.162741562332007,-0.5075794149825061,-0.18517104481197139,-0.017481748900858185,-0.025456755832765167,0.5914101834217971,0.9999999999999999,0.0009999999999999998,0.09542058273852219,10.479919230217513,16,0.1594868102637947,1341
49,Monte Carlo Simulations,5000.0,Monte Carlo Simulations=5000,Risk-Parity,2021-04-28,2021-04-29,2026-08-31,-0.10546339439425279,0.15105237218959133,0.14429233893104948,-1.0774196020797848,-1.5552275067718973,-0.5383779531615456,-0.19589099771811694,-0.014508518895471778,-0.020637181592408984,0.5526279392171244,1.0,0.001,0.02477542063880252,40.36258413444775,48,0.056790263524080044,1341
50,Monte Carlo Simulations,10000.0,Monte Carlo Simulations=10000,Simulated (Max Sharpe Ratio),2021-04-28,2021-04-29,2026-08-31,-0.07511692782132973,0.19010093891949276,0.20666102945971915,-0.6054210034104015,-0.9121108639481782,-0.5727042760452636,-0.13116180717217635,-0.02040468106638993,-0.028207417203827172,0.6599841295839789,0.9999999999999998,0.0009999999999999998,0.04937308225328782,20.253951229334252,29,0.12043812079169251,1341
51,Monte Carlo Simulations,10000.0,Monte Carlo Simulations=10000,Equal-Weight,2021-04-28,2021-04-29,2026-08-31,-0.08363099259420281,0.1791453956892013,0.16815974212349222,-0.7946669690779355,-1.1493069385567383,-0.5375993442041347,-0.1555637920615596,-0.016694938738641474,-0.023849392082636048,0.6282902246158959,1.0,0.001,0.020000000000000004,49.99999999999999,50,0.02,1341
52,Monte Carlo Simulations,10000.0,Monte Carlo Simulations=10000,Markowitz,2021-04-28,2021-04-29,2026-08-31,-0.01049803342897171,0.2732498354682553,0.2793093591156291,-0.21659866185839696,-0.34007532827621595,-0.5520244439672014,-0.019017334365714157,-0.02682010150233627,-0.036683196647899916,0.9453880153952612,1.0,0.001,0.2021239084,4.9474602382070305,7,0.3,1341
53,Monte Carlo Simulations,10000.0,Monte Carlo Simulations=10000,Black-Litterman,2021-04-28,2021-04-29,2026-08-31,-0.09398901059735987,0.16581713039630896,0.17335820851277095,-0.8305866323413954,-1.162741562332007,-0.5075794149825061,-0.18517104481197139,-0.017481748900858185,-0.025456755832765167,0.5914101834217971,0.9999999999999999,0.0009999999999999998,0.09542058273852219,10.479919230217513,16,0.1594868102637947,1341
54,Monte Carlo Simulations,10000.0,Monte Carlo Simulations=10000,Risk-Parity,2021-04-28,2021-04-29,2026-08-31,-0.10546339439425279,0.15105237218959133,0.14429233893104948,-1.0774196020797848,-1.5552275067718973,-0.5383779531615456,-0.19589099771811694,-0.014508518895471778,-0.020637181592408984,0.5526279392171244,1.0,0.001,0.02477542063880252,40.36258413444775,48,0.056790263524080044,1341
55,Monte Carlo Simulations,20000.0,Monte Carlo Simulations=20000,Simulated (Max Sharpe Ratio),2021-04-28,2021-04-29,2026-08-31,-0.08613409487490076,0.1759245081369476,0.18716131722263868,-0.7273623465310503,-1.0796152950768063,-0.553354018806312,-0.15565820785165363,-0.01784879759476088,-0.025837857618787794,0.6192113150315903,0.9999999999999998,0.0009999999999999998,0.046828455963607504,21.354537095503318,27,0.08043631424699928,1341
56,Monte Carlo Simulations,20000.0,Monte Carlo Simulations=20000,Equal-Weight,2021-04-28,2021-04-29,2026-08-31,-0.08363099259420281,0.1791453956892013,0.16815974212349222,-0.7946669690779355,-1.1493069385567383,-0.5375993442041347,-0.1555637920615596,-0.016694938738641474,-0.023849392082636048,0.6282902246158959,1.0,0.001,0.020000000000000004,49.99999999999999,50,0.02,1341
57,Monte Carlo Simulations,20000.0,Monte Carlo Simulations=20000,Markowitz,2021-04-28,2021-04-29,2026-08-31,-0.01049803342897171,0.2732498354682553,0.2793093591156291,-0.21659866185839696,-0.34007532827621595,-0.5520244439672014,-0.019017334365714157,-0.02682010150233627,-0.036683196647899916,0.9453880153952612,1.0,0.001,0.2021239084,4.9474602382070305,7,0.3,1341
58,Monte Carlo Simulations,20000.0,Monte Carlo Simulations=20000,Black-Litterman,2021-04-28,2021-04-29,2026-08-31,-0.09398901059735987,0.16581713039630896,0.17335820851277095,-0.8305866323413954,-1.162741562332007,-0.5075794149825061,-0.18517104481197139,-0.017481748900858185,-0.025456755832765167,0.5914101834217971,0.9999999999999999,0.0009999999999999998,0.09542058273852219,10.479919230217513,16,0.1594868102637947,1341
59,Monte Carlo Simulations,20000.0,Monte Carlo Simulations=20000,Risk-Parity,2021-04-28,2021-04-29,2026-08-31,-0.10546339439425279,0.15105237218959133,0.14429233893104948,-1.0774196020797848,-1.5552275067718973,-0.5383779531615456,-0.19589099771811694,-0.014508518895471778,-0.020637181592408984,0.5526279392171244,1.0,0.001,0.02477542063880252,40.36258413444775,48,0.056790263524080044,1341
