Ticker,Simple Mean (Daily) Returns,Log Mean (Daily) Returns,Median Returns,Variance of Returns,Standard Deviation of Returns,Minimum Returns,Maximum Returns,(Simple) Annual Returns,Daily Volatility,Annual Volatility,Skewness,Kurtosis
ABT,0.0005080360990652263,0.000391721585076046,0.0003859855175710747,0.00023205208526775985,0.015233255898453221,-0.16137503680646115,0.12466356214671936,0.12802509696443704,0.015233255898453221,0.2418204405906901,-0.12238565258827513,7.963713340940377
ADBE,0.0007849686566768063,0.00043106289540140684,0.0007627545703803307,0.0007043987165366342,0.026540510856738125,-0.2975793542307459,0.23971939111604512,0.19781210148255518,0.026540510856738125,0.4213175483732334,-0.046459182510554864,10.101392765975758
ADI,0.0007091178503284644,0.0003846410410086058,0.0005345052979898179,0.0006527349976747693,0.025548678981011312,-0.16614895527458928,0.1838762963040792,0.17869769828277304,0.025548678981011312,0.40557270545987417,0.46626368244880806,6.234046181311948
ADP,0.0004971579653726537,0.0003732311146957494,0.0005286108361903796,0.00024599976904281587,0.01568437977871028,-0.2357924125084352,0.11827270667988654,0.12528380727390873,0.01568437977871028,0.24898181017654605,-0.4993907739642143,15.169507475629183
AMAT,0.0008406097295414169,0.0004474584294244846,0.0005775719635047194,0.000789535992154725,0.02809868310356777,-0.20357636045027716,0.25633000200624867,0.21183365184443706,0.02809868310356777,0.44605276596271737,0.3305764806996155,4.927421381922829
AME,0.0008413702462662135,0.0006889198169015199,0.0008222485510113176,0.000304245070959435,0.017442622250092875,-0.1616622754020749,0.167153688781416,0.2120253020590858,0.017442622250092875,0.27689304411952576,0.024254573571064034,9.67551819021277
AXP,0.0005939698655933307,0.0003478400061605659,0.00047090585414266695,0.0004948506651833751,0.022245239157702375,-0.17594896603083898,0.2188230095242314,0.14968040612951933,0.022245239157702375,0.3531322239986186,0.5632221291094452,12.810961197586556
BA,0.0005570701879284707,0.00031036442536758397,0.000522147168706022,0.0004927656594535704,0.02219832560022423,-0.2384841190698378,0.24318605379189218,0.14038168735797463,0.02219832560022423,0.35238749436139155,0.13671706109568574,12.951843410659173
CL,0.0003358541221218017,0.00024429772523467346,0.0002581223269341182,0.00018334127281008304,0.013540357189161705,-0.15572829278161604,0.19971134036483829,0.08463523877469403,0.013540357189161705,0.21494650671304463,0.3100147648003283,16.752331975355233
COF,0.000692075143166876,0.00027898917738585844,0.00041974916506215543,0.0008164854539046824,0.028574209593699742,-0.3976287465391729,0.26430103714527187,0.17440293607805277,0.028574209593699742,0.453601514970993,-0.18800958491374709,16.862619385467866
CSCO,0.0004316662257653944,0.00017300569074517447,0.0005062792902612578,0.0005193489169040198,0.02278922808925348,-0.1621070769051367,0.24388400313674685,0.1087798888928794,0.02278922808925348,0.36176778057175435,0.4532701603683337,11.756594830014063
CVX,0.0005356298332937366,0.00038653548667664037,0.0008450430654001195,0.0002975337374290891,0.017249166282145033,-0.2212479443227553,0.22740680681786007,0.13497871799002162,0.017249166282145033,0.27382202583453813,0.0659764855727827,18.60339248628972
DD,0.0004386953839368385,0.00020113390600298456,0.0,0.00047496725143518996,0.021793743401150478,-0.19027484654950988,0.1843082603152595,0.1105512367520833,0.021793743401150478,0.3459649510595949,0.09988859084915232,7.072531434296154
DELL,0.0007038322052892544,0.0005560921846868632,0.0,0.0003006612495359459,0.017339586198521172,-0.21639252356459127,0.32758240852375464,0.17736571573289212,0.017339586198521172,0.2752573975083292,2.2347030244854187,60.428313607368224
FDX,0.0005685908533461112,0.00036954439091865885,0.000315782283876076,0.0003962192565438816,0.019905257007732446,-0.214038084564524,0.15527732947667783,0.14328489504322003,0.019905257007732446,0.3159861589517145,-0.20768400187698136,8.788188872509254
GE,0.0003608554719296052,0.00014234662136420267,0.0,0.0004376137008068525,0.02091921845592833,-0.15159236922404595,0.19703111640724358,0.0909355789262605,0.02091921845592833,0.33208229793731375,0.21731865502673622,7.416800355497772
GILD,0.0010028258783912163,0.0007155678436734853,0.000621020020000751,0.0005770941455614494,0.024022783884501176,-0.14817813858998885,0.24748119639455646,0.2527121213545865,0.024022783884501176,0.3813498717470418,0.45314036994861573,8.455798031516457
GM,0.0003214004866935266,0.00018258844764008195,0.0,0.00027814299498648794,0.01667761958393607,-0.173228064230866,0.19943155170690519,0.0809929226467687,0.01667761958393607,0.26474900327781214,0.33371351804296606,13.386312920385029
GS,0.0006733482871540809,0.0004215726407107724,0.0005080723265503684,0.0005069801990224228,0.022516220797958585,-0.18959638871872575,0.2646781804314817,0.1696837683628284,0.022516220797958585,0.3574339241785124,0.676669035577847,13.738704396851317
HAS,0.0005573733735122328,0.00034845796481057696,0.00045602396148558544,0.00041588740754124986,0.02039331771785184,-0.2431370130809647,0.21669576473352037,0.14045809012508265,0.02039331771785184,0.32373388253377955,-0.10344506328315907,14.295935039809935
IBM,0.00035984091834015386,0.00021250752053390715,0.0005034035105220269,0.00029251474605288187,0.017103062475851565,-0.25207595513952263,0.12964166222653373,0.09067991142171877,0.017103062475851565,0.2715026998122233,-0.4245769140570215,15.3482771044861
INTC,0.0005303128920749795,0.00019199220791016683,0.000406466818722806,0.000675943653081027,0.025998916382823093,-0.2605851455985698,0.2359988383395475,0.13363884880289484,0.025998916382823093,0.4127200026366772,0.15383759215727041,10.034027190891848
JBL,0.0008395834300133897,0.00036225937467057134,0.0009692318643138575,0.0009553455233121213,0.03090866421106097,-0.24494404051031415,0.36482901630844466,0.2115750243633742,0.03090866421106097,0.49065983315801853,0.28267792904473105,10.381520087460022
JNJ,0.000438004267124703,0.0003648413914094951,0.0003145337569425699,0.00014590171889752572,0.012078978387989844,-0.15845601186066616,0.12229224108536507,0.11037707531542515,0.012078978387989844,0.19174783743806992,-0.18433689450292587,12.008838052557186
JPM,0.0006757623217783027,0.0004106490689978142,0.00043953713519084836,0.0005345046191376266,0.023119355941237346,-0.20727428116145152,0.2509668617739902,0.17029210508813228,0.023119355941237346,0.36700839775498584,0.7925513503494882,15.993438292342775
KLAC,0.0010345789780677557,0.0006149039630904901,0.0010323813439471197,0.0008433044587323768,0.029039704866481972,-0.1698720105678727,0.25091548518065343,0.2607139024730744,0.029039704866481972,0.4609910233405407,0.378460687863507,5.8508620717465
KMB,0.0003030638571987158,0.0002157837639205679,0.00039000327373395205,0.00017391654668443864,0.013187742289127379,-0.14568535403852623,0.09704866304541748,0.07637209201407638,0.013187742289127379,0.20934891870864425,-0.31635080592494436,9.85705070987757
LMT,0.0007218300346118435,0.000595712518076484,0.0005539788793850198,0.00025207947151493435,0.015877010786509355,-0.1276159222588612,0.14692091517243488,0.18190116872218456,0.015877010786509355,0.25203973262516266,0.12947513046432063,9.047799916103148
LOW,0.0006597583029223815,0.0004560909777575046,0.0003661617149316454,0.0004072353544234835,0.02018007320163838,-0.24769418422889355,0.1843567121830112,0.16625909233644015,0.02018007320163838,0.3203487307836849,0.1427407395470958,9.043697535108556
MA,0.0008947910869950145,0.0007388866874279621,0.0,0.00031376796947535715,0.017713496816703277,-0.12725488388069495,0.20846283293556778,0.22548735392274366,0.017713496816703277,0.2811930445579869,0.8057121212885083,14.758808392225726
MKC,0.0004885401760780006,0.0003877595631915985,0.0006001394531828241,0.00020151907733956877,0.014195741521300279,-0.11833797052828887,0.1575174283156413,0.12311212437165614,0.014195741521300279,0.22535041044908555,0.1374900150627448,11.6708163728655
MMM,0.0004492353798171632,0.0003278844285038345,0.0004637714520169256,0.00024350017566666297,0.01560449216304917,-0.12945004031296492,0.22990635652491487,0.11320731571392513,0.01560449216304917,0.24771363359330684,0.47093535565313865,13.097111708877412
MRK,0.00040620199750071383,0.00026593268141278706,0.00031843418917998356,0.0002779810831645441,0.0166727647126847,-0.2678057010315571,0.13032984109007661,0.10236290337017989,0.0166727647126847,0.2646719345859419,-0.5721958384825694,17.41800563771711
MS,0.0006916846232443545,0.0002814399736763338,0.0004883442976060248,0.000860478319004236,0.02933391073491968,-0.2589287414934166,0.8698353354176951,0.17430452505757732,0.02933391073491968,0.46566139671339246,4.169717358566256,127.55083837516958
MU,0.0011275118524380894,0.00048538528837780955,0.0,0.0012862808287658445,0.03586475747535238,-0.23042155265757325,0.23443213896770132,0.2841329868143985,0.03586475747535238,0.5693353746685629,0.19526428272559437,4.043114064489147
NEM,0.0006219479418027551,0.00031046551714312656,0.00022221828597823734,0.0006252493072572314,0.025004985648010906,-0.14703846262421438,0.2517392408611234,0.15673088133429428,0.025004985648010906,0.3969418413682568,0.32430627050723004,5.459176640912283
OLN,0.0004884443966748281,0.00013324039490594133,0.0005130130004035172,0.0007100020792670285,0.026645864205670427,-0.208588956452345,0.26659478412538173,0.12308798796205667,0.026645864205670427,0.4229899809396095,0.13465611707631492,7.7481511304153
PG,0.00034141894758573087,0.0002540038346564242,0.00039738418716162016,0.00017115236896726794,0.013082521506470683,-0.30235870242479457,0.12009041195487424,0.08603757479160418,0.013082521506470683,0.20767859056665308,-1.8291828666764967,50.02681135488659
PH,0.0007780739811958816,0.0005721619347957264,0.0005445460792660173,0.0004117846738327481,0.020292478257540356,-0.16688343978520348,0.18419426768625202,0.19607464326136217,0.020292478257540356,0.3221331057278226,0.12147773278109252,6.574310315681849
PPG,0.000450912706173772,0.00029366903904071606,0.0006907447083527307,0.00031453641979045915,0.017735174647870236,-0.12496045736364014,0.14834756120934722,0.11363000195579054,0.017735174647870236,0.281537169459373,0.09541328183046051,5.805571121525311
QCOM,0.0005258657534344375,0.00016880066159485609,0.0002726106768488057,0.0007161198958784982,0.026760416586415432,-0.16847806847444935,0.23207410614178792,0.13251816986547824,0.026760416586415432,0.4248084436088595,0.30227934250267646,6.803800759035301
RTX,0.0005873095876048867,0.00043500298561463335,0.000547661819604417,0.0003023787540093412,0.017389041204429335,-0.26132920423791905,0.15757159100221152,0.14800201607643143,0.017389041204429335,0.2760424713886506,-0.3841568569538372,15.76669391973118
SPGI,0.0006547485414548328,0.0004792577330714485,0.0008013523412035983,0.0003515179152646521,0.018748811036027112,-0.15189346531720338,0.2384230388304569,0.16499663244661786,0.018748811036027112,0.297628148276826,0.31100768056155975,12.348950349170536
SPY,0.00039147765852644214,0.0003177558008672633,0.0006911229716295431,0.00014731488470795474,0.012137334332873704,-0.10942379371744604,0.14519813935577552,0.09865236994866342,0.012137334332873704,0.19267420934417923,0.040125183916006564,12.081952831134075
T,0.0003455314722072101,0.0002155198808617075,0.0005250195060999552,0.0002601831728543768,0.01613019444564686,-0.12661169821224783,0.16280040221569547,0.08707393099621695,0.01613019444564686,0.2560588986137818,0.14765455906036903,7.570260675077815
TMUS,0.00044684000680686843,0.00021334043371486569,0.0,0.000458309678783499,0.021408168506051584,-0.3658837576907431,0.367834611920012,0.11260368171533085,0.021408168506051584,0.33984413935426594,-0.6070702136340029,40.018210963669596
TXN,0.0006028244162754257,0.00031776538585372095,0.00058310159542585,0.0005730021901520502,0.023937464154585177,-0.18224351171710096,0.24067773879326837,0.15191175290140727,0.023937464154585177,0.37999546302333226,0.441382698543883,6.884112190466041
UNP,0.0007264106308552193,0.0005748580293997288,0.0005246953361199846,0.0003025482264362656,0.017393913488236785,-0.14008878161108407,0.1300419357757061,0.18305547897551527,0.017393913488236785,0.27611981649627926,-0.03704801248273408,5.285394895453717
V,0.0006206414665888277,0.0005103472846027725,0.0,0.00022098941980105784,0.014865712892460215,-0.13643479354575827,0.14997387752866587,0.15640164958038458,0.014865712892460215,0.2359858762508184,0.41546671524069856,14.896787818168692
WDC,0.0014361151066315482,0.0007822263228988389,0.0005808575321114562,0.0013217299974752053,0.03635560476013575,-0.3207547147321538,0.3975907190851826,0.3619010068711501,0.03635560476013575,0.5771273337520515,0.7138261608050462,10.204048167665299
XOM,0.0004730285654769188,0.00033604166340203684,0.0004668174466470054,0.00027413933687881343,0.016557153646651147,-0.13952477069217528,0.1719051430598153,0.11920319850018353,0.016557153646651147,0.26283666580875087,0.17158261216190548,8.624523629194595
^GSPC,0.0003218355776779831,0.00024824905323543475,0.0006351081598752195,0.00014689601132588206,0.012120066473657728,-0.11984055240393443,0.11580036951513706,0.08110256557485174,0.012120066473657728,0.19240009057721955,-0.12123929130542062,10.528971277997648
