,Rebalance Date,Next Rebalance,Model,Holding Days,Gross Return,Net Return,Annualized Gross Return,Annualized Volatility,Sharpe Ratio,Sortino Ratio,Maximum Drawdown,Calmar Ratio,"Value-at-Risk (VaR, 95%)","Conditional Value-at-Risk (CVaR, 95%)",Allocation Turnover,Transaction Cost Rate
0,2002-01-02,2003-01-02,Simulated (Max Sharpe Ratio),252,-0.07235303126051384,-0.07328067822925333,-0.07235303126051384,0.2474545398249064,-0.4944465005454669,-0.9224844566662993,-0.25412662978862477,-0.28471251250093316,-0.023496310856033778,-0.026389360284921646,1.0,0.001
1,2002-01-02,2003-01-02,Equal-Weight,252,-0.09534488948110531,-0.09624954459162416,-0.09534488948110531,0.2668904146288888,-0.5445863976913798,-1.0585524237041715,-0.2835245470604071,-0.3362844257036811,-0.02422652813622354,-0.028967789038784816,1.0,0.001
2,2002-01-02,2003-01-02,Markowitz,252,0.029322218517607412,0.02829289629908982,0.029322218517607412,0.23009730547300397,-0.08986537864876736,-0.14385804822451803,-0.22621645749606545,0.1296201825550973,-0.02121827714493041,-0.02954033621130769,1.0,0.001
3,2002-01-02,2003-01-02,Risk-Parity,252,-0.007389833706995974,-0.008382443873289014,-0.007389833706995974,0.10306312615626806,-0.5568415770736415,-0.9935727076788553,-0.11187619631568901,-0.06605367317050675,-0.009909202946353344,-0.012357748380745702,1.0,0.001
4,2003-01-02,2004-01-02,Simulated (Max Sharpe Ratio),252,0.4040240050652202,0.4024652905906603,0.4040240050652202,0.14537547297514725,2.4352388874135777,4.261031754225972,-0.11667924722811529,3.462689507032281,-0.013609545874402523,-0.016996900608492738,1.110176513319329,0.0011101765133193291
5,2003-01-02,2004-01-02,Equal-Weight,252,0.3913466134030117,0.3913466134030117,0.3913466134030117,0.1701656293685743,2.005966861049618,3.51351783218927,-0.11984356877752189,3.265478635149035,-0.01604493502091478,-0.020422763965888917,0.0,0.0
6,2003-01-02,2004-01-02,Markowitz,252,0.31830547311969637,0.3166613879980593,0.31830547311969637,0.1491697399491071,1.7986588513946284,2.9546526392271493,-0.17150846992450208,1.8559169308653634,-0.012907288923077626,-0.01880299389017392,1.24712,0.00124712
7,2003-01-02,2004-01-02,Risk-Parity,252,0.11544259486079533,0.11514443522348117,0.11544259486079533,0.04936036943417757,1.325812501222535,2.3767588257949215,-0.041739274245135904,2.7658026390875365,-0.004637790342424361,-0.005844051018735049,0.2673016421355417,0.0002673016421355417
8,2004-01-02,2005-01-03,Simulated (Max Sharpe Ratio),252,0.07861760855657085,0.07765233840499342,0.07861760855657085,0.12618829959882705,0.22678496063066733,0.3495839132694127,-0.09602404210494386,0.8187283812802874,-0.011893290328152393,-0.017196671246546082,0.8949141418793196,0.0008949141418793196
9,2004-01-02,2005-01-03,Equal-Weight,252,0.09796591528366605,0.09796591528366605,0.09796591528366605,0.11570908583085734,0.41453888378119463,0.6834383912324611,-0.08799519609124451,1.1133098127548082,-0.012622715876164715,-0.014080218213429713,0.0,0.0
10,2004-01-02,2005-01-03,Markowitz,252,-0.0012575658438457316,-0.0026340925911457758,-0.0012575658438457316,0.14559025484319962,-0.3520672856782208,-0.55547844673005,-0.12519056032501552,-0.01004521299833535,-0.014044757343776098,-0.01958877803953539,1.37826,0.00137826
11,2004-01-02,2005-01-03,Risk-Parity,252,0.038672983761947055,0.038629616145938295,0.038672983761947055,0.036710790322841386,-0.30854732732368606,-0.5072417191831285,-0.020232714856742495,1.911408529985752,-0.003873170387347061,-0.00473587916516546,0.04175290653254475,4.175290653254475e-05
12,2005-01-03,2006-01-03,Simulated (Max Sharpe Ratio),252,0.07634138184794503,0.07506046855130077,0.07634138184794503,0.11172536070662525,0.23576904725430886,0.3989442790010146,-0.0768743704640431,0.9930667579730312,-0.011485929755125857,-0.013844087838470383,1.1900622964483538,0.001190062296448354
13,2005-01-03,2006-01-03,Equal-Weight,252,0.08577855691382763,0.08577855691382763,0.08577855691382763,0.10295751992825823,0.3475079521996884,0.6004837983614987,-0.06946196907942959,1.2348995867902919,-0.00995932915626156,-0.012502685032561446,0.0,0.0
14,2005-01-03,2006-01-03,Markowitz,252,0.08086449171192944,0.07886679489043891,0.08086449171192944,0.12688095097081883,0.24325552004278342,0.3852596519056623,-0.10232101252271875,0.7903019108022878,-0.012884082821812482,-0.01700246301526999,1.848239845798458,0.001848239845798458
15,2005-01-03,2006-01-03,Risk-Parity,252,0.03139803943427344,0.031226602322893537,0.03139803943427344,0.04115865325155247,-0.45195746449806184,-0.7687230658688962,-0.028209500906012153,1.1130306608005862,-0.004000923482645087,-0.005069134173220608,0.1662181862144969,0.0001662181862144969
16,2006-01-03,2007-01-03,Simulated (Max Sharpe Ratio),251,0.17403146095072897,0.1726315029670047,0.1747821619678842,0.14950161173461154,0.8346542924861026,1.3611916815906273,-0.10440825286085054,1.6740263071045167,-0.014442544727057874,-0.019521103500263523,1.1924365149385048,0.0011924365149385049
17,2006-01-03,2007-01-03,Equal-Weight,251,0.16043912150114048,0.16043912150114048,0.16112726005447842,0.11184169684441268,0.9936120712570362,1.6162015220427803,-0.09112541593218404,1.7681923139246911,-0.010255995944110146,-0.014349693220140482,0.0,0.0
18,2006-01-03,2007-01-03,Markowitz,251,0.10280256185603709,0.10059695673232505,0.10323258368039445,0.1981295474759264,0.26867564358043283,0.3665034667826491,-0.17962010650187155,0.5747273269728231,-0.019187081615728612,-0.028674947389093004,1.9999999999999998,0.0019999999999999996
19,2006-01-03,2007-01-03,Risk-Parity,251,0.1779029599530697,0.17777159332229786,0.17867159617295325,0.06391122293136568,2.0132864037218283,3.4122310900746444,-0.036902380896903786,4.841736273659901,-0.005287938575923011,-0.0074881993839055385,0.1115258516517263,0.0001115258516517263
20,2007-01-03,2008-01-02,Simulated (Max Sharpe Ratio),251,0.17535825493999568,0.1739170527031002,0.1761150967492653,0.16969459668610792,0.7431886413127597,1.068390024176049,-0.10799186796782101,1.6308181353224056,-0.01846110159035748,-0.023191258278012,1.2261812352430854,0.0012261812352430854
21,2007-01-03,2008-01-02,Equal-Weight,251,0.07769290867152612,0.07769290867152612,0.07801421449929058,0.1521472684734749,0.1841256486584544,0.23657146687945915,-0.09369016199948299,0.8326830996377302,-0.017552441059876984,-0.023132489045647665,0.0,0.0
22,2007-01-03,2008-01-02,Markowitz,251,0.33754883201930297,0.3349517402031479,0.3390995748083514,0.19101372875966582,1.5135015513575862,2.260209701581665,-0.09416788247174446,3.6010109382049653,-0.019685157226033492,-0.02573693663777724,1.9416799999999999,0.0019416799999999999
23,2007-01-03,2008-01-02,Risk-Parity,251,0.027598762481333416,0.02734763129287532,0.02771022730021344,0.12222069387600844,-0.18237314805624727,-0.2128867194751188,-0.12606696243964455,0.2198056236460834,-0.012601788895912493,-0.019663516030836745,0.2443864255457177,0.0002443864255457177
24,2008-01-02,2009-01-02,Simulated (Max Sharpe Ratio),253,-0.30073380854718323,-0.3013527217285509,-0.29974439716491175,0.4047153862032797,-0.8641737109279132,-1.2156909141510783,-0.47946433746110617,-0.6251651556654656,-0.0445157665998355,-0.06197416422496198,0.8850895251804263,0.0008850895251804263
25,2008-01-02,2009-01-02,Equal-Weight,253,-0.2713168576115653,-0.2713168576115653,-0.27040466624693105,0.39834675023208205,-0.8043360867391515,-1.1280452654246984,-0.43392497040180245,-0.623159957806862,-0.04300165545576936,-0.06105652755916835,0.0,0.0
26,2008-01-02,2009-01-02,Markowitz,253,-0.3332133936453766,-0.3342233219750934,-0.33214440029075476,0.4291485320349922,-0.890471181338202,-1.2558237512163897,-0.490177677626664,-0.6776000120995458,-0.04738159017972465,-0.06344448051322935,1.51462,0.0015146200000000002
27,2008-01-02,2009-01-02,Risk-Parity,253,-0.12899551303319912,-0.12930739973093586,-0.1285199175481998,0.25929318283097735,-0.6884867376731985,-0.963558361665334,-0.29202337644114695,-0.44010147103446395,-0.027346435611292526,-0.03982817556792517,0.35807702762002946,0.00035807702762002947
28,2009-01-02,2010-01-04,Simulated (Max Sharpe Ratio),252,0.29665425197760475,0.29519813423055097,0.29665425197760475,0.24781141665304812,0.9953304626111579,1.447114654685194,-0.2592600471913844,1.1442343515374591,-0.023868698573237725,-0.03467636457484258,1.1229807366405558,0.0011229807366405558
29,2009-01-02,2010-01-04,Equal-Weight,252,0.45792353885669046,0.45792353885669046,0.45792353885669046,0.2894585687662875,1.40926399448224,2.0570153682124683,-0.262498291005671,1.7444819815866819,-0.02736876872912653,-0.040073629292381785,0.0,0.0
30,2009-01-02,2010-01-04,Markowitz,252,0.005295021585397741,0.003354058971696272,0.005295021585397741,0.1464659541700386,-0.30522436881613,-0.5050352548057008,-0.134304507487789,0.0394254942327916,-0.01514294114337385,-0.018548951096558984,1.9307393073930743,0.0019307393073930744
31,2009-01-02,2010-01-04,Risk-Parity,252,0.2145432904305704,0.21410625195982336,0.2145432904305704,0.1457290075510598,1.1291045838826466,1.6301638050120588,-0.14513704482845313,1.4782117872397982,-0.014191685122141641,-0.0202506847650092,0.35983770540784205,0.00035983770540784206
32,2010-01-04,2011-01-03,Simulated (Max Sharpe Ratio),252,0.08846292577133408,0.08726499220246908,0.08846292577133408,0.21249547028875762,0.18100586200292765,0.2554532573841431,-0.18627247651267298,0.4749114170139652,-0.02086068261774942,-0.02982613205901495,1.1005736075174084,0.0011005736075174084
33,2010-01-04,2011-01-03,Equal-Weight,252,0.12968695241655515,0.12968695241655515,0.12968695241655515,0.18373463251147668,0.43370676136181147,0.5899390744590777,-0.14362115564652,0.9029794519669534,-0.017522667654586613,-0.026721692598968068,0.0,0.0
34,2010-01-04,2011-01-03,Markowitz,252,-0.0667772835817837,-0.06789715084148551,-0.0667772835817837,0.17987998412236164,-0.6491955408576591,-1.0548135009573958,-0.22558153035872686,-0.2960228325235331,-0.01802836636232877,-0.023405939474115265,1.2000000000000002,0.0012000000000000001
35,2010-01-04,2011-01-03,Risk-Parity,252,0.08959512154410731,0.08944695690822435,0.08959512154410731,0.0949955153595047,0.41681042935829127,0.5777247609306505,-0.06930553671163675,1.2927556122520272,-0.009315243420026447,-0.013733343458105238,0.1359813686326109,0.0001359813686326109
36,2011-01-03,2012-01-03,Simulated (Max Sharpe Ratio),252,0.06990579673502051,0.06873693484075516,0.06990579673502051,0.24445814751618583,0.08142824011910882,0.1082278591837845,-0.2087651848520189,0.33485371032805367,-0.025176633255620664,-0.03727177796008954,1.092490477042163,0.0010924904770421631
37,2011-01-03,2012-01-03,Equal-Weight,252,0.033173092268639515,0.033173092268639515,0.033173092268639515,0.2430165135278404,-0.0692418284135772,-0.09248705276887748,-0.20625229255069577,0.16083744746975714,-0.02488544469610513,-0.03673353600702278,0.0,0.0
38,2011-01-03,2012-01-03,Markowitz,252,-0.1306896155055608,-0.13201041093134624,-0.1306896155055608,0.28244498284243796,-0.6397338472333869,-0.8607152967064452,-0.28915868399375977,-0.45196503767592594,-0.028739901797445767,-0.043448546526960515,1.5193600000000003,0.0015193600000000002
39,2011-01-03,2012-01-03,Risk-Parity,252,-0.03519185932149482,-0.035429491861190154,-0.03519185932149482,0.17332830882998573,-0.49150574361778265,-0.6550515374801155,-0.1555911061961972,-0.2261816898269147,-0.017724732458269152,-0.026533876136100414,0.2463003053936266,0.0002463003053936266
40,2012-01-03,2013-01-02,Simulated (Max Sharpe Ratio),250,0.23411936365561448,0.2327171143380835,0.23619796375468738,0.13020844687372135,1.4299991146908138,2.3298923810716747,-0.0967399301991212,2.4415767436312774,-0.011861617120996927,-0.01653406036511709,1.1362347588302173,0.0011362347588302173
41,2012-01-03,2013-01-02,Equal-Weight,250,0.21159084260641237,0.21159084260641237,0.21345263776992573,0.14090551463214931,1.160015902831329,1.9089536750647678,-0.11836637691733687,1.8033215456023794,-0.012933825340310585,-0.017722581008231493,0.0,0.0
42,2012-01-03,2013-01-02,Markowitz,250,0.26883461854536117,0.2662969493082705,0.27125378638737385,0.12954348219048703,1.707949968968964,3.165413833166376,-0.07093102308302246,3.824191088712764,-0.010901673626109016,-0.014469563156267141,2.0,0.002
43,2012-01-03,2013-01-02,Risk-Parity,250,0.1377872114899552,0.13746536550689648,0.13896279152003466,0.08871712051477693,1.0027691498983762,1.6480244110998452,-0.06539681028668431,2.1249169632410863,-0.008392169145477175,-0.011103786229927682,0.28287010067307555,0.00028287010067307557
44,2013-01-02,2014-01-02,Simulated (Max Sharpe Ratio),252,0.4911299479837046,0.48952460723390234,0.4911299479837046,0.13544728998483377,3.256838494392162,4.7720893468912955,-0.0595759005985913,8.243768756310123,-0.012866745903894607,-0.018573510891449548,1.0765934598611446,0.0010765934598611446
45,2013-01-02,2014-01-02,Equal-Weight,252,0.41899766666335414,0.41899766666335414,0.41899766666335414,0.1187657173143337,3.1069375490465734,4.4822886662487695,-0.04650473779557884,9.009784519270804,-0.012105723775762273,-0.016360252557950233,0.0,0.0
46,2013-01-02,2014-01-02,Markowitz,252,0.5056953926072425,0.5031390877483488,0.5056953926072425,0.1565068034618035,2.91166506840361,4.652380272156136,-0.07269271038616287,6.956617656995523,-0.014588239796246205,-0.020081909414740765,1.6977569775697756,0.0016977569775697757
47,2013-01-02,2014-01-02,Risk-Parity,252,0.28193527202298707,0.2817021789881091,0.28193527202298707,0.08823850865523068,2.628503989445409,3.840216223504185,-0.03732242047198675,7.55404575741813,-0.009038759606869336,-0.012058151544146942,0.18182902051690636,0.00018182902051690637
48,2014-01-02,2015-01-02,Simulated (Max Sharpe Ratio),252,0.2242774797560636,0.2228121938701182,0.2242774797560636,0.1547678906354363,1.1260570848418625,1.5117447254602572,-0.10064829670640996,2.2283286165316705,-0.017654550913706355,-0.022991925161901627,1.1968576651736518,0.0011968576651736518
49,2014-01-02,2015-01-02,Equal-Weight,252,0.1398980685051967,0.1398980685051967,0.1398980685051967,0.12020671942569365,0.7478622570743029,0.9750863530779461,-0.08340573112231309,1.6773196112871256,-0.01370980464621482,-0.018613994373177126,0.0,0.0
50,2014-01-02,2015-01-02,Markowitz,252,0.28549718936573676,0.2832329948142176,0.28549718936573676,0.1894823639689423,1.242844898242544,1.890257992807934,-0.1110594127551282,2.570670799378541,-0.018954431920496048,-0.02552042484883092,1.7613376133761338,0.001761337613376134
51,2014-01-02,2015-01-02,Risk-Parity,252,0.09948894421707344,0.09931794937609739,0.09948894421707344,0.08944408335508718,0.5532947777060396,0.7228876032337268,-0.06134540255103549,1.6217832156909386,-0.009234145704943941,-0.013872980059295732,0.15552211040900055,0.00015552211040900055
52,2015-01-02,2016-01-04,Simulated (Max Sharpe Ratio),252,-0.07873181359003611,-0.07981617303338995,-0.07873181359003611,0.17583555331254727,-0.7321148150352484,-1.1049133428219364,-0.20361617111120167,-0.38666778360662724,-0.017151683807362216,-0.025446522321762866,1.17702907725424,0.0011770290772542401
53,2015-01-02,2016-01-04,Equal-Weight,252,-0.019346793812752394,-0.019346793812752394,-0.019346793812752394,0.15949873174175105,-0.4347795938906509,-0.6544554296798126,-0.16051091987030008,-0.1205325707957157,-0.016585536712097188,-0.022579311875314364,0.0,0.0
54,2015-01-02,2016-01-04,Markowitz,252,-0.026372823249682598,-0.028010753335422023,-0.026372823249682598,0.16897778817575837,-0.4519695995206492,-0.7149876397830958,-0.17763281748106263,-0.14846819199101086,-0.01657846427300011,-0.02288807751176431,1.6822970073682297,0.0016822970073682299
55,2015-01-02,2016-01-04,Risk-Parity,252,-0.0018929124190970592,-0.002037810301962928,-0.0018929124190970592,0.11592865570984445,-0.44762800104383865,-0.6656424202279658,-0.11655607641924504,-0.016240358094144914,-0.012462088573857133,-0.01642131322128566,0.14517268203860645,0.00014517268203860644
56,2016-01-04,2017-01-03,Simulated (Max Sharpe Ratio),252,0.26378706485810755,0.2623304671799531,0.26378706485810755,0.1573058131901923,1.3590538106791132,1.8696725309226012,-0.11367319500393425,2.3205740354969158,-0.014173256181503219,-0.02256940146669674,1.1525657435954404,0.0011525657435954404
57,2016-01-04,2017-01-03,Equal-Weight,252,0.21561545420840167,0.21561545420840167,0.21561545420840167,0.14615082872222673,1.133181766099796,1.49364884282459,-0.09957451554261043,2.165367845712836,-0.014874349120437887,-0.021299753909818604,0.0,0.0
58,2016-01-04,2017-01-03,Markowitz,252,0.20939387603260706,0.2069750882805419,0.20939387603260706,0.17395034126484674,0.9163182714883161,1.2713970235219318,-0.11330054203170947,1.8481277518866936,-0.015646723371522474,-0.024347649015788436,2.0,0.002
59,2016-01-04,2017-01-03,Risk-Parity,252,0.23384199587391796,0.2336518970645327,0.23384199587391796,0.1141572928191292,1.6104270812132626,2.2498396750965166,-0.06472852806513285,3.6126573995103874,-0.010118695152664251,-0.015760985650876608,0.154070626563983,0.00015407062656398298
60,2017-01-03,2018-01-02,Simulated (Max Sharpe Ratio),251,0.26177618485546716,0.26020630790167587,0.2629456057233954,0.08360079956598881,2.5471718790836513,3.593381407235798,-0.025147582345103392,10.456098805641046,-0.007923626705916809,-0.011390391923992216,1.2441802061519895,0.0012441802061519895
61,2017-01-03,2018-01-02,Equal-Weight,251,0.27146592090330324,0.27146592090330324,0.27268311115576127,0.08097491297276185,2.7500259398940865,3.7790690627653145,-0.026330973130427537,10.355983039633815,-0.0065451723169612395,-0.011351381889713692,0.0,0.0
62,2017-01-03,2018-01-02,Markowitz,251,0.32403094586165615,0.32151020278568687,0.32551237203845407,0.11986005216474764,2.298617154444104,3.016537000036191,-0.07168210702038624,4.541054742515856,-0.010696436165165114,-0.017927733080997252,1.90384,0.00190384
63,2017-01-03,2018-01-02,Risk-Parity,251,0.25295084693996084,0.25234269456489744,0.25407701899777413,0.0740798086871073,2.7548264853077473,3.9031623726687315,-0.02277133060024783,11.157759002234542,-0.005956421828766799,-0.010302079315815596,0.48537608362571455,0.00048537608362571457
64,2018-01-02,2019-01-02,Simulated (Max Sharpe Ratio),251,-0.01771203387636633,-0.018782287593384295,-0.01778196860354453,0.19564407912087192,-0.34645550689866667,-0.46071751511476083,-0.2018935770852719,-0.08807595001417072,-0.02258882499648037,-0.029697361904568488,1.0895518971300082,0.0010895518971300083
65,2018-01-02,2019-01-02,Equal-Weight,251,-0.07481487266704923,-0.07481487266704923,-0.07510145660988377,0.17990019694301307,-0.6953936612393599,-0.8854171881223705,-0.200342111232791,-0.3748660536107575,-0.021227697146232252,-0.02909160242912108,0.0,0.0
66,2018-01-02,2019-01-02,Markowitz,251,0.09405873488207561,0.09191273993728011,0.09445063670380449,0.21952450419951983,0.20248599064551134,0.2810736589976479,-0.1908797469300504,0.49481748704547884,-0.023918828217380318,-0.032354716172474235,1.961498844965349,0.001961498844965349
67,2018-01-02,2019-01-02,Risk-Parity,251,-0.05944505177684567,-0.0596747468886385,-0.059674673564260594,0.16518016631862256,-0.6639699911229341,-0.8338670235925097,-0.1785394429853555,-0.3342380404376827,-0.018940712333268626,-0.026671050347747506,0.24421232616633895,0.00024421232616633895
68,2019-01-02,2020-01-02,Simulated (Max Sharpe Ratio),252,0.3510005658825126,0.34962001612184856,0.3510005658825126,0.1366562969322906,2.20261029048409,2.80432516510649,-0.06791964639430892,5.167879759632014,-0.012967368083730575,-0.02107831242583191,1.0218720817205527,0.0010218720817205527
69,2019-01-02,2020-01-02,Equal-Weight,252,0.35275912250826824,0.35275912250826824,0.35275912250826824,0.14769397146781127,2.049908466130266,2.712507847071939,-0.08961108002759133,3.936556979333955,-0.014942445878595504,-0.022428096594922505,0.0,0.0
70,2019-01-02,2020-01-02,Markowitz,252,0.27098576829754095,0.26884732142840484,0.27098576829754095,0.14385691240648346,1.536149807477596,1.7586217514214246,-0.05996553002018923,4.519025650341209,-0.016657623861285987,-0.02416636491991572,1.6825104753142595,0.0016825104753142594
71,2019-01-02,2020-01-02,Risk-Parity,252,0.3392110729240736,0.33894858876250433,0.3392110729240736,0.13034591994181202,2.2187965150975257,2.87312047449557,-0.07366513010605524,4.604771245713046,-0.012911827060790608,-0.01991556462974418,0.19599909743599253,0.00019599909743599255
72,2020-01-02,2021-01-04,Simulated (Max Sharpe Ratio),253,0.1650899341567924,0.1638066873855808,0.16438649545590645,0.3629667792865688,0.3151431535435265,0.3820189917801317,-0.32934889647561016,0.4991256907644749,-0.032943567889155805,-0.05695691658649354,1.1014143488762351,0.0011014143488762352
73,2020-01-02,2021-01-04,Equal-Weight,253,0.1878853426078657,0.1878853426078657,0.18707722312291541,0.3892836331014886,0.3521268593565005,0.42028756458264466,-0.3706005915153421,0.504794723499978,-0.03431487516408871,-0.061617655502478025,0.0,0.0
74,2020-01-02,2021-01-04,Markowitz,253,0.14326577429992327,0.14110125207475677,0.14266091232461942,0.3431155622480108,0.27005744571166446,0.3426122848699209,-0.3001491956617509,0.47529999875591605,-0.029442861535124314,-0.05196883009165695,1.89328,0.00189328
75,2020-01-02,2021-01-04,Risk-Parity,253,0.18449107161760536,0.18425614671012092,0.18369864912507428,0.3453257869741867,0.38716671088066856,0.45573092252560027,-0.3328346425395945,0.5519216621305314,-0.029425861484834157,-0.054345206588525034,0.1983340466749982,0.00019833404667499822
76,2021-01-04,2022-01-03,Simulated (Max Sharpe Ratio),252,0.19438357176135046,0.19303880932973172,0.19438357176135046,0.15106896732617153,0.9557460696055021,1.516785732892626,-0.0860546296657202,2.2588392108179978,-0.01377342743727811,-0.01986232622672394,1.1259049968644013,0.0011259049968644012
77,2021-01-04,2022-01-03,Equal-Weight,252,0.2776010320685147,0.2776010320685147,0.2776010320685147,0.14372070555364647,1.5836342522237226,2.4536837758423937,-0.054984011607367655,5.048759156585752,-0.014280161374878468,-0.019351660507770582,0.0,0.0
78,2021-01-04,2022-01-03,Markowitz,252,0.04833194455682177,0.04649090592906879,0.04833194455682177,0.17263779634499035,-0.009662168299720861,-0.016158657407302532,-0.19227483132663714,0.25136906491268896,-0.015148074670266472,-0.021469788107095846,1.75616,0.0017561599999999999
79,2021-01-04,2022-01-03,Black-Litterman,252,0.27658867529727904,0.2753120866219818,0.27658867529727904,0.23183164250388036,0.9773845918961923,1.5269716859652376,-0.09953553740926824,2.778793207897268,-0.021653026744504634,-0.030582209753530758,1.0,0.001
80,2021-01-04,2022-01-03,Risk-Parity,252,0.24122553513254497,0.24092291274860256,0.24122553513254497,0.12575398245714647,1.5206320419928603,2.3158898517543496,-0.04916308678880377,4.906639328177433,-0.01256265924389602,-0.017154614492649,0.24380934437520885,0.00024380934437520885
81,2022-01-03,2023-01-03,Simulated (Max Sharpe Ratio),251,-0.06628216296620937,-0.06737858019479626,-0.06653724880057865,0.22215122015361638,-0.5245852294666389,-0.8682909081150866,-0.21614233379173675,-0.3078399665319169,-0.020911729596523293,-0.029814450601411267,1.1742489916118102,0.0011742489916118102
82,2022-01-03,2023-01-03,Equal-Weight,251,-0.0948284262946828,-0.0948284262946828,-0.09518764957746073,0.2306132741133106,-0.6295719538942218,-1.042858319491486,-0.24194500650916895,-0.39342679954774523,-0.02259483387899583,-0.031304993987383546,0.0,0.0
83,2022-01-03,2023-01-03,Markowitz,251,-0.05833699589747399,-0.06022032190567905,-0.058562472102826724,0.23320029180116253,-0.4655331743555114,-0.7730352512678694,-0.2015790585651267,-0.29051863085225293,-0.02390655516206907,-0.03094569376301814,2.0,0.002
84,2022-01-03,2023-01-03,Black-Litterman,251,-0.08479447563896814,-0.08596203993461649,-0.08511749937687818,0.21036352102944106,-0.6423048003554193,-1.03598143796952,-0.24938585745211395,-0.3413084456612464,-0.02147518349678367,-0.02883801392707073,1.2757399999999999,0.0012757399999999998
85,2022-01-03,2023-01-03,Risk-Parity,251,-0.06368867814116008,-0.06387471298707437,-0.0639341283233501,0.1997720060385171,-0.570320790098003,-0.9306086671632812,-0.214075444981767,-0.2986523201145065,-0.01934001939432877,-0.02713606966675735,0.19868909151388003,0.00019868909151388005
86,2023-01-03,2024-01-02,Simulated (Max Sharpe Ratio),250,0.1399184565750533,0.13876188299058057,0.14111332232174356,0.12550723979097356,0.7259606893872301,1.2502012095998536,-0.07848774859238761,1.7979025370518769,-0.011959198122264536,-0.015510650889358265,1.0146108064148538,0.0010146108064148537
87,2023-01-03,2024-01-02,Equal-Weight,250,0.2340682108011407,0.2340682108011407,0.2361463148410683,0.1346866392732876,1.382069638424683,2.4230038772421163,-0.10510917385747465,2.2466765380658082,-0.012724218527887672,-0.015661186444270583,0.0,0.0
88,2023-01-03,2024-01-02,Markowitz,250,-0.021732989813312176,-0.0233485229292838,-0.021904935490252297,0.1422425817492427,-0.5055092125437686,-0.828120171468557,-0.10260437369571918,-0.21348929583852824,-0.013663454212479957,-0.019121929196276796,1.6514234857651424,0.0016514234857651425
89,2023-01-03,2024-01-02,Black-Litterman,250,0.18681571501510597,0.1854805149576979,0.18844299358365535,0.1323018583842386,1.0464176034593657,1.6966249926579982,-0.10489037404780543,1.7965708988488256,-0.013941152468988126,-0.01655501009008199,1.1250272814184425,0.0011250272814184426
90,2023-01-03,2024-01-02,Risk-Parity,250,0.1523769270801798,0.15214235873993465,0.1536851716718477,0.11686003436771314,0.8872594658460456,1.5658735978486287,-0.09576452713678218,1.604823584126682,-0.01040445365182115,-0.013890134273799296,0.2035517500679665,0.0002035517500679665
91,2024-01-02,2025-01-02,Simulated (Max Sharpe Ratio),252,0.1519544903307395,0.15069538783551795,0.1519544903307395,0.1565558925100194,0.6512338098306617,0.9031771335378825,-0.12133751815321003,1.2523289798862551,-0.013412340651115066,-0.022465706956830193,1.0930140954265866,0.0010930140954265866
92,2024-01-02,2025-01-02,Equal-Weight,252,0.16499700040895338,0.16499700040895338,0.16499700040895338,0.12404274815708376,0.9270755615904677,1.3644299146509187,-0.07659279936101082,2.154210340730075,-0.011208155600904006,-0.01763043943547831,0.0,0.0
93,2024-01-02,2025-01-02,Markowitz,252,0.21345683528248371,0.2110299216119187,0.21345683528248371,0.25719272648926755,0.6355422158071979,0.8745869431964597,-0.18839747385380112,1.1330132560489052,-0.0239526365172749,-0.03684103010245467,2.0,0.002
94,2024-01-02,2025-01-02,Black-Litterman,252,0.2351149143157385,0.23381060294632028,0.2351149143157385,0.11009916012064565,1.6813471974980672,2.5942593791688835,-0.055611497526152354,4.227811240025883,-0.010239459829515673,-0.014338229052940124,1.056024305350422,0.0010560243053504218
95,2024-01-02,2025-01-02,Risk-Parity,252,0.16979884764689102,0.1696224126237691,0.16979884764689102,0.10268901850379589,1.1666179051313326,1.7359925281378545,-0.0637819434959519,2.662177386577563,-0.009488636996057325,-0.014198479165270488,0.15082509567929323,0.00015082509567929323
96,2025-01-02,2026-01-02,Simulated (Max Sharpe Ratio),250,0.42123625177157265,0.4199821840435629,0.4252387013926886,0.19463492363483798,1.9279104406601166,2.297259790712128,-0.17848133909447284,2.382538721135454,-0.01540010018569703,-0.027280872174944907,0.8823780891083681,0.0008823780891083681
97,2025-01-02,2026-01-02,Equal-Weight,250,0.3151805908961076,0.3151805908961076,0.3180663544054596,0.19378546896547708,1.3833150433648649,1.729413194752689,-0.18352723770346702,1.7330743838654257,-0.015338004912566922,-0.026482196316989025,0.0,0.0
98,2025-01-02,2026-01-02,Markowitz,250,0.293781303327711,0.29178295460221704,0.2964499572838515,0.16818934518091488,1.4653125441374104,1.7198859561255069,-0.1193918186631463,2.4830005992308353,-0.014233598745581609,-0.024379340686526276,1.5445799999999998,0.0015445799999999998
99,2025-01-02,2026-01-02,Black-Litterman,250,0.24186000840352717,0.24110852010473605,0.2440138710388915,0.1625187613323511,1.1937936854080056,1.4103458715103854,-0.14430482351712026,1.6909612935422202,-0.011874860435763654,-0.022791191880550975,0.6051312496625101,0.0006051312496625101
100,2025-01-02,2026-01-02,Risk-Parity,250,0.22093787586644176,0.220721414464206,0.22288921580318632,0.1589135384037492,1.0879451652755308,1.3735410976905698,-0.14228914033840434,1.5664527543921618,-0.011341968067504815,-0.021689309926960762,0.1772910862333589,0.0001772910862333589
101,2026-01-02,2026-08-31,Simulated (Max Sharpe Ratio),166,0.5372128172047226,0.5354401659222447,0.9207715135364714,0.24180648535640506,3.601109011832407,6.5773506946139255,-0.08020220857417082,11.480625408026564,-0.023099605525247556,-0.026890596181269672,1.1531593170691408,0.0011531593170691409
102,2026-01-02,2026-08-31,Equal-Weight,166,0.2814697291183721,0.2814697291183721,0.4571661166617309,0.1505361030846818,2.7047738603455533,4.715451724550505,-0.07940980359089755,5.757048827584987,-0.015032840360091702,-0.01714942053514021,0.0,0.0
103,2026-01-02,2026-08-31,Markowitz,166,0.7103673064272027,0.7072988732721261,1.2586375208581453,0.3445523710373367,3.5078485085426205,6.212525964368335,-0.12826866887145727,9.812509414278495,-0.03111085251130846,-0.03984145107008076,1.79402,0.00179402
104,2026-01-02,2026-08-31,Black-Litterman,166,0.16957378596923234,0.16894088699242893,0.26844270040353657,0.12855213150578323,1.699253819013568,2.7110578979025277,-0.0797983008845311,3.3640152412765745,-0.011725701490563949,-0.016772549058887185,0.5411364245642456,0.0005411364245642456
105,2026-01-02,2026-08-31,Risk-Parity,166,0.21817546650570185,0.21798528971024256,0.3493162364953022,0.11584929020001618,2.583669144442116,4.2898574708876485,-0.07742441497083452,4.511706502747076,-0.011090906027793763,-0.01344794853806377,0.15611609385374728,0.0001561160938537473
