,Date,Model,HHI,Effective Number of Holdings,Active Holdings (>1%),Maximum Weight,Minimum Weight,Allocation Change (L1)
0,2021-01-04,Black-Litterman,0.1517630378,6.589219710519,10,0.23651,0.0,1.0
1,2022-01-03,Black-Litterman,0.0675674516,14.800025401579598,22,0.12075,0.0,1.2757399999999999
2,2023-01-03,Black-Litterman,0.10609257995931425,9.425729870868377,17,0.2072962188865666,0.0,1.1250272814184425
3,2024-01-02,Black-Litterman,0.09107886528611187,10.979495592733134,16,0.1625751227463176,0.0,1.056024305350422
4,2025-01-02,Black-Litterman,0.076128071,13.135759081561385,21,0.12762,0.0,0.6051312496625101
5,2026-01-02,Black-Litterman,0.0945092287,10.580977262805659,15,0.17225,0.0,0.54113
6,2002-01-02,Equal-Weight,0.020000000000000004,49.99999999999999,50,0.02,0.02,1.0
7,2003-01-02,Equal-Weight,0.020000000000000004,49.99999999999999,50,0.02,0.02,0.0
8,2004-01-02,Equal-Weight,0.020000000000000004,49.99999999999999,50,0.02,0.02,0.0
9,2005-01-03,Equal-Weight,0.020000000000000004,49.99999999999999,50,0.02,0.02,0.0
10,2006-01-03,Equal-Weight,0.020000000000000004,49.99999999999999,50,0.02,0.02,0.0
11,2007-01-03,Equal-Weight,0.020000000000000004,49.99999999999999,50,0.02,0.02,0.0
12,2008-01-02,Equal-Weight,0.020000000000000004,49.99999999999999,50,0.02,0.02,0.0
13,2009-01-02,Equal-Weight,0.020000000000000004,49.99999999999999,50,0.02,0.02,0.0
14,2010-01-04,Equal-Weight,0.020000000000000004,49.99999999999999,50,0.02,0.02,0.0
15,2011-01-03,Equal-Weight,0.020000000000000004,49.99999999999999,50,0.02,0.02,0.0
16,2012-01-03,Equal-Weight,0.020000000000000004,49.99999999999999,50,0.02,0.02,0.0
17,2013-01-02,Equal-Weight,0.020000000000000004,49.99999999999999,50,0.02,0.02,0.0
18,2014-01-02,Equal-Weight,0.020000000000000004,49.99999999999999,50,0.02,0.02,0.0
19,2015-01-02,Equal-Weight,0.020000000000000004,49.99999999999999,50,0.02,0.02,0.0
20,2016-01-04,Equal-Weight,0.020000000000000004,49.99999999999999,50,0.02,0.02,0.0
21,2017-01-03,Equal-Weight,0.020000000000000004,49.99999999999999,50,0.02,0.02,0.0
22,2018-01-02,Equal-Weight,0.020000000000000004,49.99999999999999,50,0.02,0.02,0.0
23,2019-01-02,Equal-Weight,0.020000000000000004,49.99999999999999,50,0.02,0.02,0.0
24,2020-01-02,Equal-Weight,0.020000000000000004,49.99999999999999,50,0.02,0.02,0.0
25,2021-01-04,Equal-Weight,0.020000000000000004,49.99999999999999,50,0.02,0.02,0.0
26,2022-01-03,Equal-Weight,0.020000000000000004,49.99999999999999,50,0.02,0.02,0.0
27,2023-01-03,Equal-Weight,0.020000000000000004,49.99999999999999,50,0.02,0.02,0.0
28,2024-01-02,Equal-Weight,0.020000000000000004,49.99999999999999,50,0.02,0.02,0.0
29,2025-01-02,Equal-Weight,0.020000000000000004,49.99999999999999,50,0.02,0.02,0.0
30,2026-01-02,Equal-Weight,0.020000000000000004,49.99999999999999,50,0.02,0.02,0.0
31,2002-01-02,Markowitz,0.19081188,5.240763835040041,7,0.28457,0.0,1.0
32,2003-01-02,Markowitz,0.22378683419999998,4.468538122784706,5,0.3,0.0,1.24712
33,2004-01-02,Markowitz,0.14625222059999998,6.837503019766116,11,0.2427,0.0,1.37826
34,2005-01-03,Markowitz,0.14311888650000001,6.9871980173629975,8,0.20673,0.0,1.84823
35,2006-01-03,Markowitz,0.20737001519999998,4.822297953903994,6,0.3,0.0,1.99999
36,2007-01-03,Markowitz,0.1672772254,5.9781001126050475,9,0.26863,0.0,1.9416799999999999
37,2008-01-02,Markowitz,0.2283327215,4.379573779135287,7,0.3,0.0,1.5146099999999998
38,2009-01-02,Markowitz,0.26,3.846153846153846,4,0.3,0.0,1.9307299999999996
39,2010-01-04,Markowitz,0.2647920513,3.7765484088003665,4,0.3,0.0,1.1999900000000001
40,2011-01-03,Markowitz,0.2327876258,4.295760981982574,6,0.3,0.0,1.5193500000000002
41,2012-01-03,Markowitz,0.2349684593,4.255890356429639,5,0.3,0.0,1.9999900000000002
42,2013-01-02,Markowitz,0.23476076029999998,4.259655654216247,5,0.3,0.0,1.69774
43,2014-01-02,Markowitz,0.1624197767,6.156885696543382,9,0.3,0.0,1.76132
44,2015-01-02,Markowitz,0.23202074089999997,4.309959515347794,6,0.3,0.0,1.6823000000000001
45,2016-01-04,Markowitz,0.24902313579999996,4.015691139650327,5,0.3,0.0,2.00001
46,2017-01-03,Markowitz,0.1811682912,5.519729713054775,8,0.24656,0.0,1.90384
47,2018-01-02,Markowitz,0.16340838485602383,6.119637011779303,12,0.3000090002700081,0.0,1.961498844965349
48,2019-01-02,Markowitz,0.28,3.571428571428571,4,0.3,0.0,1.6825104753142595
49,2020-01-02,Markowitz,0.1433871978,6.974123320234102,8,0.20336,0.0,1.89328
50,2021-01-04,Markowitz,0.2538489323,3.9393508215279582,4,0.3,0.0,1.75615
51,2022-01-03,Markowitz,0.1505524469,6.642203568197203,9,0.24857,0.0,2.0
52,2023-01-03,Markowitz,0.2617193334,3.820887005208917,5,0.3,0.0,1.65143
53,2024-01-02,Markowitz,0.19537456659999997,5.118373478198673,6,0.3,0.0,2.0
54,2025-01-02,Markowitz,0.1336888382,7.480056027594382,11,0.18344,0.0,1.5445799999999998
55,2026-01-02,Markowitz,0.2561589726,3.9038257760407653,8,0.3,0.0,1.7940199999999997
56,2002-01-02,Risk-Parity,0.06554306763321655,15.257143678353108,23,0.10848481778984563,0.0034588881943982703,1.0
57,2003-01-02,Risk-Parity,0.09377522495104908,10.66379739981432,11,0.1344413052179348,0.0033647658429991844,0.2673016421355417
58,2004-01-02,Risk-Parity,0.09412152270391952,10.624562494018775,12,0.13495504026892358,0.003503344393884079,0.04175290653254447
59,2005-01-03,Risk-Parity,0.0785824427586534,12.72548886105836,19,0.12229806565425852,0.004472271176628706,0.1662181862144967
60,2006-01-03,Risk-Parity,0.07233075364239576,13.825377859935122,21,0.11678399696258276,0.005346224311883461,0.1115258516517263
61,2007-01-03,Risk-Parity,0.07206968634686041,13.875459304584073,24,0.12851430282940948,0.005080974620047917,0.2443864255457176
62,2008-01-02,Risk-Parity,0.09291954548936389,10.761998401234816,25,0.17058663015008352,0.005651548152085986,0.3580770276200295
63,2009-01-02,Risk-Parity,0.10659237174384173,9.381534378493402,35,0.22316496382977005,0.0042410905323426755,0.35983770540784193
64,2010-01-04,Risk-Parity,0.10123073185421325,9.878423100211734,27,0.215245880726025,0.0038670823048262983,0.1359813686326107
65,2011-01-03,Risk-Parity,0.11006253691162385,9.085743687726943,29,0.28527090242094555,0.005493738764396184,0.24630030539362657
66,2012-01-03,Risk-Parity,0.1015365828972201,9.848667066255764,39,0.3,0.006651197530359576,0.28287010067307555
67,2013-01-02,Risk-Parity,0.06406971777605175,15.607997580001582,43,0.2233090119278557,0.007351675126341199,0.1818290205169064
68,2014-01-02,Risk-Parity,0.06824380403549024,14.653344931943554,48,0.23610333143090587,0.009238863832800245,0.15552211040900044
69,2015-01-02,Risk-Parity,0.08123201856185176,12.31041672611618,48,0.26297740958209737,0.007688560404432128,0.14517268203860645
70,2016-01-04,Risk-Parity,0.10029300165232657,9.970785433928652,49,0.3,0.009282791551658353,0.154070626563983
71,2017-01-03,Risk-Parity,0.025237286911995203,39.623910584647795,47,0.07217724464144788,0.007854811213222923,0.48537608362571455
72,2018-01-02,Risk-Parity,0.022964361295343884,43.54573537400119,50,0.03992562909392209,0.01023792089913267,0.24421232616633895
73,2019-01-02,Risk-Parity,0.02251971041529067,44.405544367968844,50,0.04968192855773854,0.010293183235026523,0.19599909743599248
74,2020-01-02,Risk-Parity,0.02826453599853079,35.38002534525883,48,0.08736450988952395,0.008016085295999361,0.19833404667499815
75,2021-01-04,Risk-Parity,0.022559549634937087,44.3271260367423,50,0.04459654478950123,0.011264530515160924,0.2438093443752088
76,2022-01-03,Risk-Parity,0.02470206370050808,40.48244762559784,48,0.05621898914011199,0.00811040248117889,0.19868909151388003
77,2023-01-03,Risk-Parity,0.023803507141034214,42.01061608590137,49,0.045672983568222275,0.009858672577608855,0.20355175006796652
78,2024-01-02,Risk-Parity,0.023300830846016165,42.916924577003826,50,0.04008282207900105,0.01158178528407447,0.15082509567929323
79,2025-01-02,Risk-Parity,0.024545009379551033,40.741479644050216,48,0.04556475076309547,0.007392553470608435,0.17729108623335893
80,2026-01-02,Risk-Parity,0.024171370053989345,41.37125854953165,48,0.045424088000364043,0.008224569843678206,0.15611609385374728
81,2002-01-02,Simulated (Max Sharpe Ratio),0.06440101549457751,15.527705461169301,27,0.18582188026320837,0.00034667250577888884,1.0
82,2003-01-02,Simulated (Max Sharpe Ratio),0.08096064673338256,12.351679987107481,27,0.2136014198185008,6.667606875852133e-05,1.110176513319329
83,2004-01-02,Simulated (Max Sharpe Ratio),0.056552384658961355,17.68272029606693,26,0.1498531984968673,0.00020490613127838037,0.8949141418793196
84,2005-01-03,Simulated (Max Sharpe Ratio),0.04771880293875975,20.956099868711224,29,0.11399981727503175,0.0003566941805621822,1.1900622964483534
85,2006-01-03,Simulated (Max Sharpe Ratio),0.05304801156630895,18.850847948372582,28,0.16350660647179147,0.0004819590782365173,1.1924365149385048
86,2007-01-03,Simulated (Max Sharpe Ratio),0.056200637474091555,17.79339247639316,24,0.16193628628436404,9.45713336671084e-05,1.2261812352430854
87,2008-01-02,Simulated (Max Sharpe Ratio),0.06238979235120622,16.028262994862594,29,0.18198140749043637,0.00020960998943910322,0.8850895251804265
88,2009-01-02,Simulated (Max Sharpe Ratio),0.0464657837407358,21.52121237381209,31,0.12203903539647122,0.00023456999675132794,1.1229807366405562
89,2010-01-04,Simulated (Max Sharpe Ratio),0.049755246892619044,20.098382833034343,31,0.1604297554863263,0.0002024399723751431,1.100573607517409
90,2011-01-03,Simulated (Max Sharpe Ratio),0.04708929562791608,21.23624884733182,27,0.09687942504736159,0.00012252513555057663,1.0924904770421633
91,2012-01-03,Simulated (Max Sharpe Ratio),0.0526621790495981,18.988959781899332,27,0.15683790950121215,0.0003794054138948726,1.1362347588302175
92,2013-01-02,Simulated (Max Sharpe Ratio),0.05966655042532523,16.759809187419588,26,0.1638666262421017,5.6712184540718225e-05,1.0765934598611449
93,2014-01-02,Simulated (Max Sharpe Ratio),0.06151262714419467,16.25682475983106,27,0.18298763884495736,8.271997341620163e-05,1.1968576651736516
94,2015-01-02,Simulated (Max Sharpe Ratio),0.05819194511869867,17.184508920611293,24,0.15236885320814156,0.0004521579223679247,1.1770290772542396
95,2016-01-04,Simulated (Max Sharpe Ratio),0.0505025479356076,19.800981155941532,29,0.13126367780674178,9.319234702316178e-05,1.1525657435954404
96,2017-01-03,Simulated (Max Sharpe Ratio),0.047688827207898236,20.969272228912764,21,0.09057328658321845,4.036330511197641e-05,1.2441802061519893
97,2018-01-02,Simulated (Max Sharpe Ratio),0.05575596659768957,17.935300220253705,32,0.17728931235310297,0.00014488284482319335,1.089551897130008
98,2019-01-02,Simulated (Max Sharpe Ratio),0.047213957824434445,21.180177347523152,27,0.12422924172915215,0.0008750904945284203,1.0218720817205527
99,2020-01-02,Simulated (Max Sharpe Ratio),0.04381127053449,22.82517689626827,32,0.10188820297039547,4.275324342528669e-05,1.1014143488762351
100,2021-01-04,Simulated (Max Sharpe Ratio),0.06609866816915336,15.128897868878328,28,0.19784381606890103,0.0001696658899983292,1.1259049968644013
101,2022-01-03,Simulated (Max Sharpe Ratio),0.04373925002935158,22.86276054868206,31,0.08995359541735211,0.0005712399803587346,1.1742489916118102
102,2023-01-03,Simulated (Max Sharpe Ratio),0.05578946680981654,17.924530510552273,29,0.15068998288150234,0.00010768780784770639,1.0146108064148538
103,2024-01-02,Simulated (Max Sharpe Ratio),0.04743727130717242,21.08047053391121,30,0.10871461021996252,0.0011342422940333102,1.0930140954265868
104,2025-01-02,Simulated (Max Sharpe Ratio),0.04970213698092333,20.119859240334474,26,0.13009856274694898,3.926500973484388e-05,0.8823780891083682
105,2026-01-02,Simulated (Max Sharpe Ratio),0.06000277667621185,16.6658954034114,28,0.18813095893821247,0.0001969739935413612,1.153159317069141
