,Date,Model,Ticker,Weight,Allocation Type
0,2021-01-05,Simulated (Max Sharpe Ratio),PPG,0.03257013184025783,Initial
1,2021-01-05,Simulated (Max Sharpe Ratio),DELL,0.0025289455831843787,Initial
2,2021-01-05,Simulated (Max Sharpe Ratio),QCOM,0.19784381606890106,Initial
3,2021-01-05,Simulated (Max Sharpe Ratio),AMAT,0.037395264793544686,Initial
4,2021-01-05,Simulated (Max Sharpe Ratio),MRK,0.007705404288529253,Initial
5,2021-01-05,Simulated (Max Sharpe Ratio),AME,0.011105875498953869,Initial
6,2021-01-05,Simulated (Max Sharpe Ratio),PG,0.043931660718415144,Initial
7,2021-01-05,Simulated (Max Sharpe Ratio),CL,0.03169266242735932,Initial
8,2021-01-05,Simulated (Max Sharpe Ratio),V,0.017127858202611507,Initial
9,2021-01-05,Simulated (Max Sharpe Ratio),MA,0.006642153113067296,Initial
10,2021-01-05,Simulated (Max Sharpe Ratio),MU,0.019651063756303332,Initial
11,2021-01-05,Simulated (Max Sharpe Ratio),T,0.004703048124932614,Initial
12,2021-01-05,Simulated (Max Sharpe Ratio),JPM,0.008139429606820495,Initial
13,2021-01-05,Simulated (Max Sharpe Ratio),JNJ,0.009410748893120564,Initial
14,2021-01-05,Simulated (Max Sharpe Ratio),INTC,0.010964384531431256,Initial
15,2021-01-05,Simulated (Max Sharpe Ratio),GE,0.005954700743811276,Initial
16,2021-01-05,Simulated (Max Sharpe Ratio),MS,0.0065508849651887266,Initial
17,2021-01-05,Simulated (Max Sharpe Ratio),RTX,0.026967542728317674,Initial
18,2021-01-05,Simulated (Max Sharpe Ratio),TXN,0.01901938253956234,Initial
19,2021-01-05,Simulated (Max Sharpe Ratio),IBM,0.020702336234160967,Initial
20,2021-01-05,Simulated (Max Sharpe Ratio),SPGI,0.005493934742221155,Initial
21,2021-01-05,Simulated (Max Sharpe Ratio),LMT,0.01309840610435681,Initial
22,2021-01-05,Simulated (Max Sharpe Ratio),ADP,0.007824133485685301,Initial
23,2021-01-05,Simulated (Max Sharpe Ratio),COF,0.0024377998294679713,Initial
24,2021-01-05,Simulated (Max Sharpe Ratio),WDC,0.01129736660212887,Initial
25,2021-01-05,Simulated (Max Sharpe Ratio),ABT,0.00016966588999832923,Initial
26,2021-01-05,Simulated (Max Sharpe Ratio),GILD,0.004639886079210985,Initial
27,2021-01-05,Simulated (Max Sharpe Ratio),UNP,0.015554729906247651,Initial
28,2021-01-05,Simulated (Max Sharpe Ratio),ADI,0.013583019352004838,Initial
29,2021-01-05,Simulated (Max Sharpe Ratio),TMUS,0.06122042050047798,Initial
30,2021-01-05,Simulated (Max Sharpe Ratio),MMM,0.02118890625912673,Initial
31,2021-01-05,Simulated (Max Sharpe Ratio),ADBE,0.06624649791003348,Initial
32,2021-01-05,Simulated (Max Sharpe Ratio),AXP,0.01258955614885418,Initial
33,2021-01-05,Simulated (Max Sharpe Ratio),BA,0.01857540672719469,Initial
34,2021-01-05,Simulated (Max Sharpe Ratio),CVX,0.001431569754745493,Initial
35,2021-01-05,Simulated (Max Sharpe Ratio),CSCO,0.018221561856732654,Initial
36,2021-01-05,Simulated (Max Sharpe Ratio),DD,0.00765264398317182,Initial
37,2021-01-05,Simulated (Max Sharpe Ratio),XOM,0.004627031940463678,Initial
38,2021-01-05,Simulated (Max Sharpe Ratio),FDX,0.028306998092471582,Initial
39,2021-01-05,Simulated (Max Sharpe Ratio),GS,0.002430882598503739,Initial
40,2021-01-05,Simulated (Max Sharpe Ratio),GM,0.014444380718044955,Initial
41,2021-01-05,Simulated (Max Sharpe Ratio),HAS,0.012881681992830333,Initial
42,2021-01-05,Simulated (Max Sharpe Ratio),JBL,0.0012819466155947895,Initial
43,2021-01-05,Simulated (Max Sharpe Ratio),KMB,0.03213384056385999,Initial
44,2021-01-05,Simulated (Max Sharpe Ratio),KLAC,0.002288237385178507,Initial
45,2021-01-05,Simulated (Max Sharpe Ratio),LOW,0.0013800735935563134,Initial
46,2021-01-05,Simulated (Max Sharpe Ratio),MKC,0.0773075631814216,Initial
47,2021-01-05,Simulated (Max Sharpe Ratio),NEM,0.012492603760316431,Initial
48,2021-01-05,Simulated (Max Sharpe Ratio),OLN,0.001398796472648964,Initial
49,2021-01-05,Simulated (Max Sharpe Ratio),PH,0.007193163294976802,Initial
50,2022-01-03,Simulated (Max Sharpe Ratio),PPG,0.0014381178037526944,Rebalance
51,2022-01-03,Simulated (Max Sharpe Ratio),DELL,0.05607562491313971,Rebalance
52,2022-01-03,Simulated (Max Sharpe Ratio),QCOM,0.010960700496979194,Rebalance
53,2022-01-03,Simulated (Max Sharpe Ratio),AMAT,0.03268843336533227,Rebalance
54,2022-01-03,Simulated (Max Sharpe Ratio),MRK,0.020365392998097736,Rebalance
55,2022-01-03,Simulated (Max Sharpe Ratio),AME,0.010900703493494028,Rebalance
56,2022-01-03,Simulated (Max Sharpe Ratio),PG,0.024112154391631353,Rebalance
57,2022-01-03,Simulated (Max Sharpe Ratio),CL,0.012615455058617088,Rebalance
58,2022-01-03,Simulated (Max Sharpe Ratio),V,0.0027477447397795188,Rebalance
59,2022-01-03,Simulated (Max Sharpe Ratio),MA,0.011334080388698663,Rebalance
60,2022-01-03,Simulated (Max Sharpe Ratio),MU,0.01596579161598364,Rebalance
61,2022-01-03,Simulated (Max Sharpe Ratio),T,0.004544194652370676,Rebalance
62,2022-01-03,Simulated (Max Sharpe Ratio),JPM,0.040542709993280523,Rebalance
63,2022-01-03,Simulated (Max Sharpe Ratio),JNJ,0.06902899267825907,Rebalance
64,2022-01-03,Simulated (Max Sharpe Ratio),INTC,0.004943179204498811,Rebalance
65,2022-01-03,Simulated (Max Sharpe Ratio),GE,0.0011731985198768628,Rebalance
66,2022-01-03,Simulated (Max Sharpe Ratio),MS,0.011706884850251138,Rebalance
67,2022-01-03,Simulated (Max Sharpe Ratio),RTX,0.026293102832573207,Rebalance
68,2022-01-03,Simulated (Max Sharpe Ratio),TXN,0.005648786291427062,Rebalance
69,2022-01-03,Simulated (Max Sharpe Ratio),IBM,0.025133100644396472,Rebalance
70,2022-01-03,Simulated (Max Sharpe Ratio),SPGI,0.049959709607781136,Rebalance
71,2022-01-03,Simulated (Max Sharpe Ratio),LMT,0.02759306084151991,Rebalance
72,2022-01-03,Simulated (Max Sharpe Ratio),ADP,0.007760615901401774,Rebalance
73,2022-01-03,Simulated (Max Sharpe Ratio),COF,0.0051864034022529,Rebalance
74,2022-01-03,Simulated (Max Sharpe Ratio),WDC,0.012468000157424329,Rebalance
75,2022-01-03,Simulated (Max Sharpe Ratio),ABT,0.08995359541735211,Rebalance
76,2022-01-03,Simulated (Max Sharpe Ratio),GILD,0.006877741361299635,Rebalance
77,2022-01-03,Simulated (Max Sharpe Ratio),UNP,0.004046591685998124,Rebalance
78,2022-01-03,Simulated (Max Sharpe Ratio),ADI,0.014795224267787465,Rebalance
79,2022-01-03,Simulated (Max Sharpe Ratio),TMUS,0.0149227130762913,Rebalance
80,2022-01-03,Simulated (Max Sharpe Ratio),MMM,0.005791110697157966,Rebalance
81,2022-01-03,Simulated (Max Sharpe Ratio),ADBE,0.008303820549501384,Rebalance
82,2022-01-03,Simulated (Max Sharpe Ratio),AXP,0.0015356909374705542,Rebalance
83,2022-01-03,Simulated (Max Sharpe Ratio),BA,0.020238085694779546,Rebalance
84,2022-01-03,Simulated (Max Sharpe Ratio),CVX,0.007206099124637981,Rebalance
85,2022-01-03,Simulated (Max Sharpe Ratio),CSCO,0.028937375983441847,Rebalance
86,2022-01-03,Simulated (Max Sharpe Ratio),DD,0.010064431069102769,Rebalance
87,2022-01-03,Simulated (Max Sharpe Ratio),XOM,0.042709331598141755,Rebalance
88,2022-01-03,Simulated (Max Sharpe Ratio),FDX,0.002918423511615636,Rebalance
89,2022-01-03,Simulated (Max Sharpe Ratio),GS,0.0005712399803587346,Rebalance
90,2022-01-03,Simulated (Max Sharpe Ratio),GM,0.0014984395300738612,Rebalance
91,2022-01-03,Simulated (Max Sharpe Ratio),HAS,0.001766826749403556,Rebalance
92,2022-01-03,Simulated (Max Sharpe Ratio),JBL,0.028095588967307572,Rebalance
93,2022-01-03,Simulated (Max Sharpe Ratio),KMB,0.01159108144548384,Rebalance
94,2022-01-03,Simulated (Max Sharpe Ratio),KLAC,0.011487010636397338,Rebalance
95,2022-01-03,Simulated (Max Sharpe Ratio),LOW,0.08531113377996608,Rebalance
96,2022-01-03,Simulated (Max Sharpe Ratio),MKC,0.009194370994981101,Rebalance
97,2022-01-03,Simulated (Max Sharpe Ratio),NEM,0.01480727448522254,Rebalance
98,2022-01-03,Simulated (Max Sharpe Ratio),OLN,0.07471685066704992,Rebalance
99,2022-01-03,Simulated (Max Sharpe Ratio),PH,0.01147380894635762,Rebalance
100,2023-01-03,Simulated (Max Sharpe Ratio),PPG,0.0034805340564138462,Rebalance
101,2023-01-03,Simulated (Max Sharpe Ratio),DELL,0.004935283829482953,Rebalance
102,2023-01-03,Simulated (Max Sharpe Ratio),QCOM,0.03442394261752493,Rebalance
103,2023-01-03,Simulated (Max Sharpe Ratio),AMAT,0.014011055468804405,Rebalance
104,2023-01-03,Simulated (Max Sharpe Ratio),MRK,0.012632456850256803,Rebalance
105,2023-01-03,Simulated (Max Sharpe Ratio),AME,0.012777972891566434,Rebalance
106,2023-01-03,Simulated (Max Sharpe Ratio),PG,0.005777918956046409,Rebalance
107,2023-01-03,Simulated (Max Sharpe Ratio),CL,0.0014329359056224143,Rebalance
108,2023-01-03,Simulated (Max Sharpe Ratio),V,0.0012822494650973147,Rebalance
109,2023-01-03,Simulated (Max Sharpe Ratio),MA,0.013985128749935197,Rebalance
110,2023-01-03,Simulated (Max Sharpe Ratio),MU,0.001597838144822734,Rebalance
111,2023-01-03,Simulated (Max Sharpe Ratio),T,0.028969653221271614,Rebalance
112,2023-01-03,Simulated (Max Sharpe Ratio),JPM,0.008160994121785682,Rebalance
113,2023-01-03,Simulated (Max Sharpe Ratio),JNJ,0.014977675447125425,Rebalance
114,2023-01-03,Simulated (Max Sharpe Ratio),INTC,0.01021891804666338,Rebalance
115,2023-01-03,Simulated (Max Sharpe Ratio),GE,0.020559531794551722,Rebalance
116,2023-01-03,Simulated (Max Sharpe Ratio),MS,0.048967829569760084,Rebalance
117,2023-01-03,Simulated (Max Sharpe Ratio),RTX,0.04219157011374173,Rebalance
118,2023-01-03,Simulated (Max Sharpe Ratio),TXN,0.0052694250515832606,Rebalance
119,2023-01-03,Simulated (Max Sharpe Ratio),IBM,0.01508886964074603,Rebalance
120,2023-01-03,Simulated (Max Sharpe Ratio),SPGI,0.006725296587701831,Rebalance
121,2023-01-03,Simulated (Max Sharpe Ratio),LMT,0.10821623286889276,Rebalance
122,2023-01-03,Simulated (Max Sharpe Ratio),ADP,0.02060517421700814,Rebalance
123,2023-01-03,Simulated (Max Sharpe Ratio),COF,0.008794735405679165,Rebalance
124,2023-01-03,Simulated (Max Sharpe Ratio),WDC,0.004279665187640467,Rebalance
125,2023-01-03,Simulated (Max Sharpe Ratio),ABT,0.03674576697653004,Rebalance
126,2023-01-03,Simulated (Max Sharpe Ratio),GILD,0.002861211273145791,Rebalance
127,2023-01-03,Simulated (Max Sharpe Ratio),UNP,0.003390230955223933,Rebalance
128,2023-01-03,Simulated (Max Sharpe Ratio),ADI,0.019496417155373886,Rebalance
129,2023-01-03,Simulated (Max Sharpe Ratio),TMUS,0.05263079394725136,Rebalance
130,2023-01-03,Simulated (Max Sharpe Ratio),MMM,0.012273225328930671,Rebalance
131,2023-01-03,Simulated (Max Sharpe Ratio),ADBE,0.0062973085498176816,Rebalance
132,2023-01-03,Simulated (Max Sharpe Ratio),AXP,0.019863274877495667,Rebalance
133,2023-01-03,Simulated (Max Sharpe Ratio),BA,0.014160830627134236,Rebalance
134,2023-01-03,Simulated (Max Sharpe Ratio),CVX,0.010252174464741361,Rebalance
135,2023-01-03,Simulated (Max Sharpe Ratio),CSCO,0.0565694995844512,Rebalance
136,2023-01-03,Simulated (Max Sharpe Ratio),DD,0.038409868955496015,Rebalance
137,2023-01-03,Simulated (Max Sharpe Ratio),XOM,0.15068998288150234,Rebalance
138,2023-01-03,Simulated (Max Sharpe Ratio),FDX,0.00961583545507467,Rebalance
139,2023-01-03,Simulated (Max Sharpe Ratio),GS,0.0015146765353274319,Rebalance
140,2023-01-03,Simulated (Max Sharpe Ratio),GM,0.0020889648970189158,Rebalance
141,2023-01-03,Simulated (Max Sharpe Ratio),HAS,0.011043766892207298,Rebalance
142,2023-01-03,Simulated (Max Sharpe Ratio),JBL,0.03670429027945128,Rebalance
143,2023-01-03,Simulated (Max Sharpe Ratio),KMB,0.0023978443651103895,Rebalance
144,2023-01-03,Simulated (Max Sharpe Ratio),KLAC,0.0073089839518300885,Rebalance
145,2023-01-03,Simulated (Max Sharpe Ratio),LOW,0.00010768780784770639,Rebalance
146,2023-01-03,Simulated (Max Sharpe Ratio),MKC,0.026802517275537747,Rebalance
147,2023-01-03,Simulated (Max Sharpe Ratio),NEM,0.006379037799654055,Rebalance
148,2023-01-03,Simulated (Max Sharpe Ratio),OLN,0.012370969757895223,Rebalance
149,2023-01-03,Simulated (Max Sharpe Ratio),PH,0.010661951196226246,Rebalance
150,2024-01-02,Simulated (Max Sharpe Ratio),PPG,0.003163303291597342,Rebalance
151,2024-01-02,Simulated (Max Sharpe Ratio),DELL,0.08514806220854197,Rebalance
152,2024-01-02,Simulated (Max Sharpe Ratio),QCOM,0.016630800759205328,Rebalance
153,2024-01-02,Simulated (Max Sharpe Ratio),AMAT,0.013312119775233873,Rebalance
154,2024-01-02,Simulated (Max Sharpe Ratio),MRK,0.06075569283378241,Rebalance
155,2024-01-02,Simulated (Max Sharpe Ratio),AME,0.03642770594463367,Rebalance
156,2024-01-02,Simulated (Max Sharpe Ratio),PG,0.0046610274014039325,Rebalance
157,2024-01-02,Simulated (Max Sharpe Ratio),CL,0.010020182167574752,Rebalance
158,2024-01-02,Simulated (Max Sharpe Ratio),V,0.004959489569536134,Rebalance
159,2024-01-02,Simulated (Max Sharpe Ratio),MA,0.047945859329933074,Rebalance
160,2024-01-02,Simulated (Max Sharpe Ratio),MU,0.002933422175003509,Rebalance
161,2024-01-02,Simulated (Max Sharpe Ratio),T,0.010296952886485513,Rebalance
162,2024-01-02,Simulated (Max Sharpe Ratio),JPM,0.010952501503527834,Rebalance
163,2024-01-02,Simulated (Max Sharpe Ratio),JNJ,0.0035267226566145114,Rebalance
164,2024-01-02,Simulated (Max Sharpe Ratio),INTC,0.0919302084224544,Rebalance
165,2024-01-02,Simulated (Max Sharpe Ratio),GE,0.1087146102199625,Rebalance
166,2024-01-02,Simulated (Max Sharpe Ratio),MS,0.0025209220767923755,Rebalance
167,2024-01-02,Simulated (Max Sharpe Ratio),RTX,0.019082528457491272,Rebalance
168,2024-01-02,Simulated (Max Sharpe Ratio),TXN,0.01136377163425393,Rebalance
169,2024-01-02,Simulated (Max Sharpe Ratio),IBM,0.014008714296342643,Rebalance
170,2024-01-02,Simulated (Max Sharpe Ratio),SPGI,0.006094022802407062,Rebalance
171,2024-01-02,Simulated (Max Sharpe Ratio),LMT,0.004203009531635242,Rebalance
172,2024-01-02,Simulated (Max Sharpe Ratio),ADP,0.012117338057114294,Rebalance
173,2024-01-02,Simulated (Max Sharpe Ratio),COF,0.039099252404336926,Rebalance
174,2024-01-02,Simulated (Max Sharpe Ratio),WDC,0.005202206165385724,Rebalance
175,2024-01-02,Simulated (Max Sharpe Ratio),ABT,0.023025751188300914,Rebalance
176,2024-01-02,Simulated (Max Sharpe Ratio),GILD,0.00113424229403331,Rebalance
177,2024-01-02,Simulated (Max Sharpe Ratio),UNP,0.023723642575179595,Rebalance
178,2024-01-02,Simulated (Max Sharpe Ratio),ADI,0.01815327521328902,Rebalance
179,2024-01-02,Simulated (Max Sharpe Ratio),TMUS,0.04788289163967774,Rebalance
180,2024-01-02,Simulated (Max Sharpe Ratio),MMM,0.01595742896124334,Rebalance
181,2024-01-02,Simulated (Max Sharpe Ratio),ADBE,0.010174043664617341,Rebalance
182,2024-01-02,Simulated (Max Sharpe Ratio),AXP,0.002567095174289545,Rebalance
183,2024-01-02,Simulated (Max Sharpe Ratio),BA,0.01674792373272293,Rebalance
184,2024-01-02,Simulated (Max Sharpe Ratio),CVX,0.030788667801652583,Rebalance
185,2024-01-02,Simulated (Max Sharpe Ratio),CSCO,0.0075785221798884105,Rebalance
186,2024-01-02,Simulated (Max Sharpe Ratio),DD,0.0012085930179812406,Rebalance
187,2024-01-02,Simulated (Max Sharpe Ratio),XOM,0.01724192355155582,Rebalance
188,2024-01-02,Simulated (Max Sharpe Ratio),FDX,0.035145879120368345,Rebalance
189,2024-01-02,Simulated (Max Sharpe Ratio),GS,0.006611105914998831,Rebalance
190,2024-01-02,Simulated (Max Sharpe Ratio),GM,0.008677412531193454,Rebalance
191,2024-01-02,Simulated (Max Sharpe Ratio),HAS,0.015368426903035743,Rebalance
192,2024-01-02,Simulated (Max Sharpe Ratio),JBL,0.007372037012012252,Rebalance
193,2024-01-02,Simulated (Max Sharpe Ratio),KMB,0.0023261265554225773,Rebalance
194,2024-01-02,Simulated (Max Sharpe Ratio),KLAC,0.004195122101506499,Rebalance
195,2024-01-02,Simulated (Max Sharpe Ratio),LOW,0.0036887662086307503,Rebalance
196,2024-01-02,Simulated (Max Sharpe Ratio),MKC,0.005106114654638912,Rebalance
197,2024-01-02,Simulated (Max Sharpe Ratio),NEM,0.01599169027456091,Rebalance
198,2024-01-02,Simulated (Max Sharpe Ratio),OLN,0.017442394910375848,Rebalance
199,2024-01-02,Simulated (Max Sharpe Ratio),PH,0.03682049624757385,Rebalance
200,2025-01-02,Simulated (Max Sharpe Ratio),PPG,0.02219337686459259,Rebalance
201,2025-01-02,Simulated (Max Sharpe Ratio),DELL,0.037306300004956675,Rebalance
202,2025-01-02,Simulated (Max Sharpe Ratio),QCOM,0.00924764970049318,Rebalance
203,2025-01-02,Simulated (Max Sharpe Ratio),AMAT,0.02396287651249078,Rebalance
204,2025-01-02,Simulated (Max Sharpe Ratio),MRK,0.008265210180260676,Rebalance
205,2025-01-02,Simulated (Max Sharpe Ratio),AME,0.051743363581562805,Rebalance
206,2025-01-02,Simulated (Max Sharpe Ratio),PG,0.015130697829412232,Rebalance
207,2025-01-02,Simulated (Max Sharpe Ratio),CL,3.926500973484386e-05,Rebalance
208,2025-01-02,Simulated (Max Sharpe Ratio),V,0.0009797829230663285,Rebalance
209,2025-01-02,Simulated (Max Sharpe Ratio),MA,0.013515099134347884,Rebalance
210,2025-01-02,Simulated (Max Sharpe Ratio),MU,0.008200979938089919,Rebalance
211,2025-01-02,Simulated (Max Sharpe Ratio),T,0.00936108050061192,Rebalance
212,2025-01-02,Simulated (Max Sharpe Ratio),JPM,0.08619808974861932,Rebalance
213,2025-01-02,Simulated (Max Sharpe Ratio),JNJ,0.019485389219636547,Rebalance
214,2025-01-02,Simulated (Max Sharpe Ratio),INTC,0.0040205387206740965,Rebalance
215,2025-01-02,Simulated (Max Sharpe Ratio),GE,0.08844804478704937,Rebalance
216,2025-01-02,Simulated (Max Sharpe Ratio),MS,0.0009414186980710874,Rebalance
217,2025-01-02,Simulated (Max Sharpe Ratio),RTX,0.13009856274694892,Rebalance
218,2025-01-02,Simulated (Max Sharpe Ratio),TXN,0.002040769408927275,Rebalance
219,2025-01-02,Simulated (Max Sharpe Ratio),IBM,0.03782735461106,Rebalance
220,2025-01-02,Simulated (Max Sharpe Ratio),SPGI,0.025693271710769353,Rebalance
221,2025-01-02,Simulated (Max Sharpe Ratio),LMT,0.006481740173940269,Rebalance
222,2025-01-02,Simulated (Max Sharpe Ratio),ADP,0.004997431938781849,Rebalance
223,2025-01-02,Simulated (Max Sharpe Ratio),COF,0.00991822374359678,Rebalance
224,2025-01-02,Simulated (Max Sharpe Ratio),WDC,0.021133059269336944,Rebalance
225,2025-01-02,Simulated (Max Sharpe Ratio),ABT,0.016699494779698662,Rebalance
226,2025-01-02,Simulated (Max Sharpe Ratio),GILD,0.0009799909616157985,Rebalance
227,2025-01-02,Simulated (Max Sharpe Ratio),UNP,0.00731593588805799,Rebalance
228,2025-01-02,Simulated (Max Sharpe Ratio),ADI,0.022130521346460187,Rebalance
229,2025-01-02,Simulated (Max Sharpe Ratio),TMUS,0.04439533474268073,Rebalance
230,2025-01-02,Simulated (Max Sharpe Ratio),MMM,0.030587123450211282,Rebalance
231,2025-01-02,Simulated (Max Sharpe Ratio),ADBE,0.006282754405103906,Rebalance
232,2025-01-02,Simulated (Max Sharpe Ratio),AXP,0.033987768356227695,Rebalance
233,2025-01-02,Simulated (Max Sharpe Ratio),BA,0.020299359647273956,Rebalance
234,2025-01-02,Simulated (Max Sharpe Ratio),CVX,0.00754464776605306,Rebalance
235,2025-01-02,Simulated (Max Sharpe Ratio),CSCO,0.01815648128710564,Rebalance
236,2025-01-02,Simulated (Max Sharpe Ratio),DD,0.007161938541038569,Rebalance
237,2025-01-02,Simulated (Max Sharpe Ratio),XOM,0.012277421951718695,Rebalance
238,2025-01-02,Simulated (Max Sharpe Ratio),FDX,0.020450662078297828,Rebalance
239,2025-01-02,Simulated (Max Sharpe Ratio),GS,0.004322364679617517,Rebalance
240,2025-01-02,Simulated (Max Sharpe Ratio),GM,0.028446452930458884,Rebalance
241,2025-01-02,Simulated (Max Sharpe Ratio),HAS,0.008434134204699212,Rebalance
242,2025-01-02,Simulated (Max Sharpe Ratio),JBL,0.029677354998123465,Rebalance
243,2025-01-02,Simulated (Max Sharpe Ratio),KMB,0.0031578084281685005,Rebalance
244,2025-01-02,Simulated (Max Sharpe Ratio),KLAC,0.006071132760241398,Rebalance
245,2025-01-02,Simulated (Max Sharpe Ratio),LOW,0.00540392729187136,Rebalance
246,2025-01-02,Simulated (Max Sharpe Ratio),MKC,0.0009326396603638013,Rebalance
247,2025-01-02,Simulated (Max Sharpe Ratio),NEM,0.015766996487074497,Rebalance
248,2025-01-02,Simulated (Max Sharpe Ratio),OLN,0.0017679320261513405,Rebalance
249,2025-01-02,Simulated (Max Sharpe Ratio),PH,0.010520244374654271,Rebalance
250,2026-01-02,Simulated (Max Sharpe Ratio),PPG,0.04131660695544941,Rebalance
251,2026-01-02,Simulated (Max Sharpe Ratio),DELL,0.035072303510552114,Rebalance
252,2026-01-02,Simulated (Max Sharpe Ratio),QCOM,0.008090929292802357,Rebalance
253,2026-01-02,Simulated (Max Sharpe Ratio),AMAT,0.022399771452627254,Rebalance
254,2026-01-02,Simulated (Max Sharpe Ratio),MRK,0.0010158175498971198,Rebalance
255,2026-01-02,Simulated (Max Sharpe Ratio),AME,0.001525046465292579,Rebalance
256,2026-01-02,Simulated (Max Sharpe Ratio),PG,0.0010584621564588138,Rebalance
257,2026-01-02,Simulated (Max Sharpe Ratio),CL,0.04337923780977589,Rebalance
258,2026-01-02,Simulated (Max Sharpe Ratio),V,0.02469963651256416,Rebalance
259,2026-01-02,Simulated (Max Sharpe Ratio),MA,0.013067048573084753,Rebalance
260,2026-01-02,Simulated (Max Sharpe Ratio),MU,0.021460764229417627,Rebalance
261,2026-01-02,Simulated (Max Sharpe Ratio),T,0.005645767576363082,Rebalance
262,2026-01-02,Simulated (Max Sharpe Ratio),JPM,0.0009066927079575296,Rebalance
263,2026-01-02,Simulated (Max Sharpe Ratio),JNJ,0.015028941128433733,Rebalance
264,2026-01-02,Simulated (Max Sharpe Ratio),INTC,0.002170903008965579,Rebalance
265,2026-01-02,Simulated (Max Sharpe Ratio),GE,0.015205029845207038,Rebalance
266,2026-01-02,Simulated (Max Sharpe Ratio),MS,0.00019697399354136127,Rebalance
267,2026-01-02,Simulated (Max Sharpe Ratio),RTX,0.006417449107003129,Rebalance
268,2026-01-02,Simulated (Max Sharpe Ratio),TXN,0.0008887811024332101,Rebalance
269,2026-01-02,Simulated (Max Sharpe Ratio),IBM,0.05356701457742961,Rebalance
270,2026-01-02,Simulated (Max Sharpe Ratio),SPGI,0.009301314225995803,Rebalance
271,2026-01-02,Simulated (Max Sharpe Ratio),LMT,0.06417711953449386,Rebalance
272,2026-01-02,Simulated (Max Sharpe Ratio),ADP,0.023097828369679413,Rebalance
273,2026-01-02,Simulated (Max Sharpe Ratio),COF,0.0005694717006871033,Rebalance
274,2026-01-02,Simulated (Max Sharpe Ratio),WDC,0.18813095893821255,Rebalance
275,2026-01-02,Simulated (Max Sharpe Ratio),ABT,0.006265607871887123,Rebalance
276,2026-01-02,Simulated (Max Sharpe Ratio),GILD,0.01678409216112248,Rebalance
277,2026-01-02,Simulated (Max Sharpe Ratio),UNP,0.02656548933330294,Rebalance
278,2026-01-02,Simulated (Max Sharpe Ratio),ADI,0.013291169783330663,Rebalance
279,2026-01-02,Simulated (Max Sharpe Ratio),TMUS,0.0016344085223021364,Rebalance
280,2026-01-02,Simulated (Max Sharpe Ratio),MMM,0.002153624882386921,Rebalance
281,2026-01-02,Simulated (Max Sharpe Ratio),ADBE,0.0050507875079791095,Rebalance
282,2026-01-02,Simulated (Max Sharpe Ratio),AXP,0.01053464627157698,Rebalance
283,2026-01-02,Simulated (Max Sharpe Ratio),BA,0.0016012718438436053,Rebalance
284,2026-01-02,Simulated (Max Sharpe Ratio),CVX,0.03283653920468872,Rebalance
285,2026-01-02,Simulated (Max Sharpe Ratio),CSCO,0.007997263403652585,Rebalance
286,2026-01-02,Simulated (Max Sharpe Ratio),DD,0.0005231943283824648,Rebalance
287,2026-01-02,Simulated (Max Sharpe Ratio),XOM,0.04027866124826249,Rebalance
288,2026-01-02,Simulated (Max Sharpe Ratio),FDX,0.009431546946097087,Rebalance
289,2026-01-02,Simulated (Max Sharpe Ratio),GS,0.009413863419151541,Rebalance
290,2026-01-02,Simulated (Max Sharpe Ratio),GM,0.029958826384179373,Rebalance
291,2026-01-02,Simulated (Max Sharpe Ratio),HAS,0.01746284296674648,Rebalance
292,2026-01-02,Simulated (Max Sharpe Ratio),JBL,0.011581496567339238,Rebalance
293,2026-01-02,Simulated (Max Sharpe Ratio),KMB,0.010310362839115392,Rebalance
294,2026-01-02,Simulated (Max Sharpe Ratio),KLAC,0.02640199585030168,Rebalance
295,2026-01-02,Simulated (Max Sharpe Ratio),LOW,0.033024166209278207,Rebalance
296,2026-01-02,Simulated (Max Sharpe Ratio),MKC,0.019006396856055614,Rebalance
297,2026-01-02,Simulated (Max Sharpe Ratio),NEM,0.03237642428275804,Rebalance
298,2026-01-02,Simulated (Max Sharpe Ratio),OLN,0.00828475650979092,Rebalance
299,2026-01-02,Simulated (Max Sharpe Ratio),PH,0.028840694482143225,Rebalance
300,2021-01-05,Equal-Weight,PPG,0.02,Initial
301,2021-01-05,Equal-Weight,DELL,0.02,Initial
302,2021-01-05,Equal-Weight,QCOM,0.02,Initial
303,2021-01-05,Equal-Weight,AMAT,0.02,Initial
304,2021-01-05,Equal-Weight,MRK,0.02,Initial
305,2021-01-05,Equal-Weight,AME,0.02,Initial
306,2021-01-05,Equal-Weight,PG,0.02,Initial
307,2021-01-05,Equal-Weight,CL,0.02,Initial
308,2021-01-05,Equal-Weight,V,0.02,Initial
309,2021-01-05,Equal-Weight,MA,0.02,Initial
310,2021-01-05,Equal-Weight,MU,0.02,Initial
311,2021-01-05,Equal-Weight,T,0.02,Initial
312,2021-01-05,Equal-Weight,JPM,0.02,Initial
313,2021-01-05,Equal-Weight,JNJ,0.02,Initial
314,2021-01-05,Equal-Weight,INTC,0.02,Initial
315,2021-01-05,Equal-Weight,GE,0.02,Initial
316,2021-01-05,Equal-Weight,MS,0.02,Initial
317,2021-01-05,Equal-Weight,RTX,0.02,Initial
318,2021-01-05,Equal-Weight,TXN,0.02,Initial
319,2021-01-05,Equal-Weight,IBM,0.02,Initial
320,2021-01-05,Equal-Weight,SPGI,0.02,Initial
321,2021-01-05,Equal-Weight,LMT,0.02,Initial
322,2021-01-05,Equal-Weight,ADP,0.02,Initial
323,2021-01-05,Equal-Weight,COF,0.02,Initial
324,2021-01-05,Equal-Weight,WDC,0.02,Initial
325,2021-01-05,Equal-Weight,ABT,0.02,Initial
326,2021-01-05,Equal-Weight,GILD,0.02,Initial
327,2021-01-05,Equal-Weight,UNP,0.02,Initial
328,2021-01-05,Equal-Weight,ADI,0.02,Initial
329,2021-01-05,Equal-Weight,TMUS,0.02,Initial
330,2021-01-05,Equal-Weight,MMM,0.02,Initial
331,2021-01-05,Equal-Weight,ADBE,0.02,Initial
332,2021-01-05,Equal-Weight,AXP,0.02,Initial
333,2021-01-05,Equal-Weight,BA,0.02,Initial
334,2021-01-05,Equal-Weight,CVX,0.02,Initial
335,2021-01-05,Equal-Weight,CSCO,0.02,Initial
336,2021-01-05,Equal-Weight,DD,0.02,Initial
337,2021-01-05,Equal-Weight,XOM,0.02,Initial
338,2021-01-05,Equal-Weight,FDX,0.02,Initial
339,2021-01-05,Equal-Weight,GS,0.02,Initial
340,2021-01-05,Equal-Weight,GM,0.02,Initial
341,2021-01-05,Equal-Weight,HAS,0.02,Initial
342,2021-01-05,Equal-Weight,JBL,0.02,Initial
343,2021-01-05,Equal-Weight,KMB,0.02,Initial
344,2021-01-05,Equal-Weight,KLAC,0.02,Initial
345,2021-01-05,Equal-Weight,LOW,0.02,Initial
346,2021-01-05,Equal-Weight,MKC,0.02,Initial
347,2021-01-05,Equal-Weight,NEM,0.02,Initial
348,2021-01-05,Equal-Weight,OLN,0.02,Initial
349,2021-01-05,Equal-Weight,PH,0.02,Initial
350,2022-01-03,Equal-Weight,PPG,0.02,Rebalance
351,2022-01-03,Equal-Weight,DELL,0.02,Rebalance
352,2022-01-03,Equal-Weight,QCOM,0.02,Rebalance
353,2022-01-03,Equal-Weight,AMAT,0.02,Rebalance
354,2022-01-03,Equal-Weight,MRK,0.02,Rebalance
355,2022-01-03,Equal-Weight,AME,0.02,Rebalance
356,2022-01-03,Equal-Weight,PG,0.02,Rebalance
357,2022-01-03,Equal-Weight,CL,0.02,Rebalance
358,2022-01-03,Equal-Weight,V,0.02,Rebalance
359,2022-01-03,Equal-Weight,MA,0.02,Rebalance
360,2022-01-03,Equal-Weight,MU,0.02,Rebalance
361,2022-01-03,Equal-Weight,T,0.02,Rebalance
362,2022-01-03,Equal-Weight,JPM,0.02,Rebalance
363,2022-01-03,Equal-Weight,JNJ,0.02,Rebalance
364,2022-01-03,Equal-Weight,INTC,0.02,Rebalance
365,2022-01-03,Equal-Weight,GE,0.02,Rebalance
366,2022-01-03,Equal-Weight,MS,0.02,Rebalance
367,2022-01-03,Equal-Weight,RTX,0.02,Rebalance
368,2022-01-03,Equal-Weight,TXN,0.02,Rebalance
369,2022-01-03,Equal-Weight,IBM,0.02,Rebalance
370,2022-01-03,Equal-Weight,SPGI,0.02,Rebalance
371,2022-01-03,Equal-Weight,LMT,0.02,Rebalance
372,2022-01-03,Equal-Weight,ADP,0.02,Rebalance
373,2022-01-03,Equal-Weight,COF,0.02,Rebalance
374,2022-01-03,Equal-Weight,WDC,0.02,Rebalance
375,2022-01-03,Equal-Weight,ABT,0.02,Rebalance
376,2022-01-03,Equal-Weight,GILD,0.02,Rebalance
377,2022-01-03,Equal-Weight,UNP,0.02,Rebalance
378,2022-01-03,Equal-Weight,ADI,0.02,Rebalance
379,2022-01-03,Equal-Weight,TMUS,0.02,Rebalance
380,2022-01-03,Equal-Weight,MMM,0.02,Rebalance
381,2022-01-03,Equal-Weight,ADBE,0.02,Rebalance
382,2022-01-03,Equal-Weight,AXP,0.02,Rebalance
383,2022-01-03,Equal-Weight,BA,0.02,Rebalance
384,2022-01-03,Equal-Weight,CVX,0.02,Rebalance
385,2022-01-03,Equal-Weight,CSCO,0.02,Rebalance
386,2022-01-03,Equal-Weight,DD,0.02,Rebalance
387,2022-01-03,Equal-Weight,XOM,0.02,Rebalance
388,2022-01-03,Equal-Weight,FDX,0.02,Rebalance
389,2022-01-03,Equal-Weight,GS,0.02,Rebalance
390,2022-01-03,Equal-Weight,GM,0.02,Rebalance
391,2022-01-03,Equal-Weight,HAS,0.02,Rebalance
392,2022-01-03,Equal-Weight,JBL,0.02,Rebalance
393,2022-01-03,Equal-Weight,KMB,0.02,Rebalance
394,2022-01-03,Equal-Weight,KLAC,0.02,Rebalance
395,2022-01-03,Equal-Weight,LOW,0.02,Rebalance
396,2022-01-03,Equal-Weight,MKC,0.02,Rebalance
397,2022-01-03,Equal-Weight,NEM,0.02,Rebalance
398,2022-01-03,Equal-Weight,OLN,0.02,Rebalance
399,2022-01-03,Equal-Weight,PH,0.02,Rebalance
400,2023-01-03,Equal-Weight,PPG,0.02,Rebalance
401,2023-01-03,Equal-Weight,DELL,0.02,Rebalance
402,2023-01-03,Equal-Weight,QCOM,0.02,Rebalance
403,2023-01-03,Equal-Weight,AMAT,0.02,Rebalance
404,2023-01-03,Equal-Weight,MRK,0.02,Rebalance
405,2023-01-03,Equal-Weight,AME,0.02,Rebalance
406,2023-01-03,Equal-Weight,PG,0.02,Rebalance
407,2023-01-03,Equal-Weight,CL,0.02,Rebalance
408,2023-01-03,Equal-Weight,V,0.02,Rebalance
409,2023-01-03,Equal-Weight,MA,0.02,Rebalance
410,2023-01-03,Equal-Weight,MU,0.02,Rebalance
411,2023-01-03,Equal-Weight,T,0.02,Rebalance
412,2023-01-03,Equal-Weight,JPM,0.02,Rebalance
413,2023-01-03,Equal-Weight,JNJ,0.02,Rebalance
414,2023-01-03,Equal-Weight,INTC,0.02,Rebalance
415,2023-01-03,Equal-Weight,GE,0.02,Rebalance
416,2023-01-03,Equal-Weight,MS,0.02,Rebalance
417,2023-01-03,Equal-Weight,RTX,0.02,Rebalance
418,2023-01-03,Equal-Weight,TXN,0.02,Rebalance
419,2023-01-03,Equal-Weight,IBM,0.02,Rebalance
420,2023-01-03,Equal-Weight,SPGI,0.02,Rebalance
421,2023-01-03,Equal-Weight,LMT,0.02,Rebalance
422,2023-01-03,Equal-Weight,ADP,0.02,Rebalance
423,2023-01-03,Equal-Weight,COF,0.02,Rebalance
424,2023-01-03,Equal-Weight,WDC,0.02,Rebalance
425,2023-01-03,Equal-Weight,ABT,0.02,Rebalance
426,2023-01-03,Equal-Weight,GILD,0.02,Rebalance
427,2023-01-03,Equal-Weight,UNP,0.02,Rebalance
428,2023-01-03,Equal-Weight,ADI,0.02,Rebalance
429,2023-01-03,Equal-Weight,TMUS,0.02,Rebalance
430,2023-01-03,Equal-Weight,MMM,0.02,Rebalance
431,2023-01-03,Equal-Weight,ADBE,0.02,Rebalance
432,2023-01-03,Equal-Weight,AXP,0.02,Rebalance
433,2023-01-03,Equal-Weight,BA,0.02,Rebalance
434,2023-01-03,Equal-Weight,CVX,0.02,Rebalance
435,2023-01-03,Equal-Weight,CSCO,0.02,Rebalance
436,2023-01-03,Equal-Weight,DD,0.02,Rebalance
437,2023-01-03,Equal-Weight,XOM,0.02,Rebalance
438,2023-01-03,Equal-Weight,FDX,0.02,Rebalance
439,2023-01-03,Equal-Weight,GS,0.02,Rebalance
440,2023-01-03,Equal-Weight,GM,0.02,Rebalance
441,2023-01-03,Equal-Weight,HAS,0.02,Rebalance
442,2023-01-03,Equal-Weight,JBL,0.02,Rebalance
443,2023-01-03,Equal-Weight,KMB,0.02,Rebalance
444,2023-01-03,Equal-Weight,KLAC,0.02,Rebalance
445,2023-01-03,Equal-Weight,LOW,0.02,Rebalance
446,2023-01-03,Equal-Weight,MKC,0.02,Rebalance
447,2023-01-03,Equal-Weight,NEM,0.02,Rebalance
448,2023-01-03,Equal-Weight,OLN,0.02,Rebalance
449,2023-01-03,Equal-Weight,PH,0.02,Rebalance
450,2024-01-02,Equal-Weight,PPG,0.02,Rebalance
451,2024-01-02,Equal-Weight,DELL,0.02,Rebalance
452,2024-01-02,Equal-Weight,QCOM,0.02,Rebalance
453,2024-01-02,Equal-Weight,AMAT,0.02,Rebalance
454,2024-01-02,Equal-Weight,MRK,0.02,Rebalance
455,2024-01-02,Equal-Weight,AME,0.02,Rebalance
456,2024-01-02,Equal-Weight,PG,0.02,Rebalance
457,2024-01-02,Equal-Weight,CL,0.02,Rebalance
458,2024-01-02,Equal-Weight,V,0.02,Rebalance
459,2024-01-02,Equal-Weight,MA,0.02,Rebalance
460,2024-01-02,Equal-Weight,MU,0.02,Rebalance
461,2024-01-02,Equal-Weight,T,0.02,Rebalance
462,2024-01-02,Equal-Weight,JPM,0.02,Rebalance
463,2024-01-02,Equal-Weight,JNJ,0.02,Rebalance
464,2024-01-02,Equal-Weight,INTC,0.02,Rebalance
465,2024-01-02,Equal-Weight,GE,0.02,Rebalance
466,2024-01-02,Equal-Weight,MS,0.02,Rebalance
467,2024-01-02,Equal-Weight,RTX,0.02,Rebalance
468,2024-01-02,Equal-Weight,TXN,0.02,Rebalance
469,2024-01-02,Equal-Weight,IBM,0.02,Rebalance
470,2024-01-02,Equal-Weight,SPGI,0.02,Rebalance
471,2024-01-02,Equal-Weight,LMT,0.02,Rebalance
472,2024-01-02,Equal-Weight,ADP,0.02,Rebalance
473,2024-01-02,Equal-Weight,COF,0.02,Rebalance
474,2024-01-02,Equal-Weight,WDC,0.02,Rebalance
475,2024-01-02,Equal-Weight,ABT,0.02,Rebalance
476,2024-01-02,Equal-Weight,GILD,0.02,Rebalance
477,2024-01-02,Equal-Weight,UNP,0.02,Rebalance
478,2024-01-02,Equal-Weight,ADI,0.02,Rebalance
479,2024-01-02,Equal-Weight,TMUS,0.02,Rebalance
480,2024-01-02,Equal-Weight,MMM,0.02,Rebalance
481,2024-01-02,Equal-Weight,ADBE,0.02,Rebalance
482,2024-01-02,Equal-Weight,AXP,0.02,Rebalance
483,2024-01-02,Equal-Weight,BA,0.02,Rebalance
484,2024-01-02,Equal-Weight,CVX,0.02,Rebalance
485,2024-01-02,Equal-Weight,CSCO,0.02,Rebalance
486,2024-01-02,Equal-Weight,DD,0.02,Rebalance
487,2024-01-02,Equal-Weight,XOM,0.02,Rebalance
488,2024-01-02,Equal-Weight,FDX,0.02,Rebalance
489,2024-01-02,Equal-Weight,GS,0.02,Rebalance
490,2024-01-02,Equal-Weight,GM,0.02,Rebalance
491,2024-01-02,Equal-Weight,HAS,0.02,Rebalance
492,2024-01-02,Equal-Weight,JBL,0.02,Rebalance
493,2024-01-02,Equal-Weight,KMB,0.02,Rebalance
494,2024-01-02,Equal-Weight,KLAC,0.02,Rebalance
495,2024-01-02,Equal-Weight,LOW,0.02,Rebalance
496,2024-01-02,Equal-Weight,MKC,0.02,Rebalance
497,2024-01-02,Equal-Weight,NEM,0.02,Rebalance
498,2024-01-02,Equal-Weight,OLN,0.02,Rebalance
499,2024-01-02,Equal-Weight,PH,0.02,Rebalance
500,2025-01-02,Equal-Weight,PPG,0.02,Rebalance
501,2025-01-02,Equal-Weight,DELL,0.02,Rebalance
502,2025-01-02,Equal-Weight,QCOM,0.02,Rebalance
503,2025-01-02,Equal-Weight,AMAT,0.02,Rebalance
504,2025-01-02,Equal-Weight,MRK,0.02,Rebalance
505,2025-01-02,Equal-Weight,AME,0.02,Rebalance
506,2025-01-02,Equal-Weight,PG,0.02,Rebalance
507,2025-01-02,Equal-Weight,CL,0.02,Rebalance
508,2025-01-02,Equal-Weight,V,0.02,Rebalance
509,2025-01-02,Equal-Weight,MA,0.02,Rebalance
510,2025-01-02,Equal-Weight,MU,0.02,Rebalance
511,2025-01-02,Equal-Weight,T,0.02,Rebalance
512,2025-01-02,Equal-Weight,JPM,0.02,Rebalance
513,2025-01-02,Equal-Weight,JNJ,0.02,Rebalance
514,2025-01-02,Equal-Weight,INTC,0.02,Rebalance
515,2025-01-02,Equal-Weight,GE,0.02,Rebalance
516,2025-01-02,Equal-Weight,MS,0.02,Rebalance
517,2025-01-02,Equal-Weight,RTX,0.02,Rebalance
518,2025-01-02,Equal-Weight,TXN,0.02,Rebalance
519,2025-01-02,Equal-Weight,IBM,0.02,Rebalance
520,2025-01-02,Equal-Weight,SPGI,0.02,Rebalance
521,2025-01-02,Equal-Weight,LMT,0.02,Rebalance
522,2025-01-02,Equal-Weight,ADP,0.02,Rebalance
523,2025-01-02,Equal-Weight,COF,0.02,Rebalance
524,2025-01-02,Equal-Weight,WDC,0.02,Rebalance
525,2025-01-02,Equal-Weight,ABT,0.02,Rebalance
526,2025-01-02,Equal-Weight,GILD,0.02,Rebalance
527,2025-01-02,Equal-Weight,UNP,0.02,Rebalance
528,2025-01-02,Equal-Weight,ADI,0.02,Rebalance
529,2025-01-02,Equal-Weight,TMUS,0.02,Rebalance
530,2025-01-02,Equal-Weight,MMM,0.02,Rebalance
531,2025-01-02,Equal-Weight,ADBE,0.02,Rebalance
532,2025-01-02,Equal-Weight,AXP,0.02,Rebalance
533,2025-01-02,Equal-Weight,BA,0.02,Rebalance
534,2025-01-02,Equal-Weight,CVX,0.02,Rebalance
535,2025-01-02,Equal-Weight,CSCO,0.02,Rebalance
536,2025-01-02,Equal-Weight,DD,0.02,Rebalance
537,2025-01-02,Equal-Weight,XOM,0.02,Rebalance
538,2025-01-02,Equal-Weight,FDX,0.02,Rebalance
539,2025-01-02,Equal-Weight,GS,0.02,Rebalance
540,2025-01-02,Equal-Weight,GM,0.02,Rebalance
541,2025-01-02,Equal-Weight,HAS,0.02,Rebalance
542,2025-01-02,Equal-Weight,JBL,0.02,Rebalance
543,2025-01-02,Equal-Weight,KMB,0.02,Rebalance
544,2025-01-02,Equal-Weight,KLAC,0.02,Rebalance
545,2025-01-02,Equal-Weight,LOW,0.02,Rebalance
546,2025-01-02,Equal-Weight,MKC,0.02,Rebalance
547,2025-01-02,Equal-Weight,NEM,0.02,Rebalance
548,2025-01-02,Equal-Weight,OLN,0.02,Rebalance
549,2025-01-02,Equal-Weight,PH,0.02,Rebalance
550,2026-01-02,Equal-Weight,PPG,0.02,Rebalance
551,2026-01-02,Equal-Weight,DELL,0.02,Rebalance
552,2026-01-02,Equal-Weight,QCOM,0.02,Rebalance
553,2026-01-02,Equal-Weight,AMAT,0.02,Rebalance
554,2026-01-02,Equal-Weight,MRK,0.02,Rebalance
555,2026-01-02,Equal-Weight,AME,0.02,Rebalance
556,2026-01-02,Equal-Weight,PG,0.02,Rebalance
557,2026-01-02,Equal-Weight,CL,0.02,Rebalance
558,2026-01-02,Equal-Weight,V,0.02,Rebalance
559,2026-01-02,Equal-Weight,MA,0.02,Rebalance
560,2026-01-02,Equal-Weight,MU,0.02,Rebalance
561,2026-01-02,Equal-Weight,T,0.02,Rebalance
562,2026-01-02,Equal-Weight,JPM,0.02,Rebalance
563,2026-01-02,Equal-Weight,JNJ,0.02,Rebalance
564,2026-01-02,Equal-Weight,INTC,0.02,Rebalance
565,2026-01-02,Equal-Weight,GE,0.02,Rebalance
566,2026-01-02,Equal-Weight,MS,0.02,Rebalance
567,2026-01-02,Equal-Weight,RTX,0.02,Rebalance
568,2026-01-02,Equal-Weight,TXN,0.02,Rebalance
569,2026-01-02,Equal-Weight,IBM,0.02,Rebalance
570,2026-01-02,Equal-Weight,SPGI,0.02,Rebalance
571,2026-01-02,Equal-Weight,LMT,0.02,Rebalance
572,2026-01-02,Equal-Weight,ADP,0.02,Rebalance
573,2026-01-02,Equal-Weight,COF,0.02,Rebalance
574,2026-01-02,Equal-Weight,WDC,0.02,Rebalance
575,2026-01-02,Equal-Weight,ABT,0.02,Rebalance
576,2026-01-02,Equal-Weight,GILD,0.02,Rebalance
577,2026-01-02,Equal-Weight,UNP,0.02,Rebalance
578,2026-01-02,Equal-Weight,ADI,0.02,Rebalance
579,2026-01-02,Equal-Weight,TMUS,0.02,Rebalance
580,2026-01-02,Equal-Weight,MMM,0.02,Rebalance
581,2026-01-02,Equal-Weight,ADBE,0.02,Rebalance
582,2026-01-02,Equal-Weight,AXP,0.02,Rebalance
583,2026-01-02,Equal-Weight,BA,0.02,Rebalance
584,2026-01-02,Equal-Weight,CVX,0.02,Rebalance
585,2026-01-02,Equal-Weight,CSCO,0.02,Rebalance
586,2026-01-02,Equal-Weight,DD,0.02,Rebalance
587,2026-01-02,Equal-Weight,XOM,0.02,Rebalance
588,2026-01-02,Equal-Weight,FDX,0.02,Rebalance
589,2026-01-02,Equal-Weight,GS,0.02,Rebalance
590,2026-01-02,Equal-Weight,GM,0.02,Rebalance
591,2026-01-02,Equal-Weight,HAS,0.02,Rebalance
592,2026-01-02,Equal-Weight,JBL,0.02,Rebalance
593,2026-01-02,Equal-Weight,KMB,0.02,Rebalance
594,2026-01-02,Equal-Weight,KLAC,0.02,Rebalance
595,2026-01-02,Equal-Weight,LOW,0.02,Rebalance
596,2026-01-02,Equal-Weight,MKC,0.02,Rebalance
597,2026-01-02,Equal-Weight,NEM,0.02,Rebalance
598,2026-01-02,Equal-Weight,OLN,0.02,Rebalance
599,2026-01-02,Equal-Weight,PH,0.02,Rebalance
600,2021-01-05,Markowitz,PPG,0.0,Initial
601,2021-01-05,Markowitz,DELL,0.0,Initial
602,2021-01-05,Markowitz,QCOM,0.24481244812448127,Initial
603,2021-01-05,Markowitz,AMAT,0.0,Initial
604,2021-01-05,Markowitz,MRK,0.0,Initial
605,2021-01-05,Markowitz,AME,0.0,Initial
606,2021-01-05,Markowitz,PG,0.0,Initial
607,2021-01-05,Markowitz,CL,0.0,Initial
608,2021-01-05,Markowitz,V,0.0,Initial
609,2021-01-05,Markowitz,MA,0.0,Initial
610,2021-01-05,Markowitz,MU,0.0,Initial
611,2021-01-05,Markowitz,T,0.0,Initial
612,2021-01-05,Markowitz,JPM,0.0,Initial
613,2021-01-05,Markowitz,JNJ,0.0,Initial
614,2021-01-05,Markowitz,INTC,0.0,Initial
615,2021-01-05,Markowitz,GE,0.0,Initial
616,2021-01-05,Markowitz,MS,0.0,Initial
617,2021-01-05,Markowitz,RTX,0.0,Initial
618,2021-01-05,Markowitz,TXN,0.0,Initial
619,2021-01-05,Markowitz,IBM,0.0,Initial
620,2021-01-05,Markowitz,SPGI,0.0,Initial
621,2021-01-05,Markowitz,LMT,0.0,Initial
622,2021-01-05,Markowitz,ADP,0.0,Initial
623,2021-01-05,Markowitz,COF,0.0,Initial
624,2021-01-05,Markowitz,WDC,0.0,Initial
625,2021-01-05,Markowitz,ABT,0.0,Initial
626,2021-01-05,Markowitz,GILD,0.0,Initial
627,2021-01-05,Markowitz,UNP,0.0,Initial
628,2021-01-05,Markowitz,ADI,0.0,Initial
629,2021-01-05,Markowitz,TMUS,0.3000030000300003,Initial
630,2021-01-05,Markowitz,MMM,0.0,Initial
631,2021-01-05,Markowitz,ADBE,0.0,Initial
632,2021-01-05,Markowitz,AXP,0.0,Initial
633,2021-01-05,Markowitz,BA,0.0,Initial
634,2021-01-05,Markowitz,CVX,0.0,Initial
635,2021-01-05,Markowitz,CSCO,0.0,Initial
636,2021-01-05,Markowitz,DD,0.0,Initial
637,2021-01-05,Markowitz,XOM,0.0,Initial
638,2021-01-05,Markowitz,FDX,0.21489214892148922,Initial
639,2021-01-05,Markowitz,GS,0.0,Initial
640,2021-01-05,Markowitz,GM,0.0,Initial
641,2021-01-05,Markowitz,HAS,0.0,Initial
642,2021-01-05,Markowitz,JBL,0.0,Initial
643,2021-01-05,Markowitz,KMB,0.0,Initial
644,2021-01-05,Markowitz,KLAC,0.0,Initial
645,2021-01-05,Markowitz,LOW,0.0,Initial
646,2021-01-05,Markowitz,MKC,0.0,Initial
647,2021-01-05,Markowitz,NEM,0.24029240292402926,Initial
648,2021-01-05,Markowitz,OLN,0.0,Initial
649,2021-01-05,Markowitz,PH,0.0,Initial
650,2022-01-03,Markowitz,PPG,0.0,Rebalance
651,2022-01-03,Markowitz,DELL,0.0,Rebalance
652,2022-01-03,Markowitz,QCOM,0.0,Rebalance
653,2022-01-03,Markowitz,AMAT,0.0,Rebalance
654,2022-01-03,Markowitz,MRK,0.0,Rebalance
655,2022-01-03,Markowitz,AME,0.0,Rebalance
656,2022-01-03,Markowitz,PG,0.0,Rebalance
657,2022-01-03,Markowitz,CL,0.0,Rebalance
658,2022-01-03,Markowitz,V,0.0,Rebalance
659,2022-01-03,Markowitz,MA,0.0,Rebalance
660,2022-01-03,Markowitz,MU,0.0,Rebalance
661,2022-01-03,Markowitz,T,0.0,Rebalance
662,2022-01-03,Markowitz,JPM,0.0,Rebalance
663,2022-01-03,Markowitz,JNJ,0.0,Rebalance
664,2022-01-03,Markowitz,INTC,0.0,Rebalance
665,2022-01-03,Markowitz,GE,0.0,Rebalance
666,2022-01-03,Markowitz,MS,0.0,Rebalance
667,2022-01-03,Markowitz,RTX,0.0,Rebalance
668,2022-01-03,Markowitz,TXN,0.0,Rebalance
669,2022-01-03,Markowitz,IBM,0.0,Rebalance
670,2022-01-03,Markowitz,SPGI,0.06876931230687693,Rebalance
671,2022-01-03,Markowitz,LMT,0.0,Rebalance
672,2022-01-03,Markowitz,ADP,0.07985920140798591,Rebalance
673,2022-01-03,Markowitz,COF,0.0,Rebalance
674,2022-01-03,Markowitz,WDC,0.0,Rebalance
675,2022-01-03,Markowitz,ABT,0.10256897431025688,Rebalance
676,2022-01-03,Markowitz,GILD,0.11036889631103688,Rebalance
677,2022-01-03,Markowitz,UNP,0.0,Rebalance
678,2022-01-03,Markowitz,ADI,0.0,Rebalance
679,2022-01-03,Markowitz,TMUS,0.0,Rebalance
680,2022-01-03,Markowitz,MMM,0.0,Rebalance
681,2022-01-03,Markowitz,ADBE,0.0,Rebalance
682,2022-01-03,Markowitz,AXP,0.0,Rebalance
683,2022-01-03,Markowitz,BA,0.0,Rebalance
684,2022-01-03,Markowitz,CVX,0.0,Rebalance
685,2022-01-03,Markowitz,CSCO,0.11971880281197186,Rebalance
686,2022-01-03,Markowitz,DD,0.0,Rebalance
687,2022-01-03,Markowitz,XOM,0.06391936080639193,Rebalance
688,2022-01-03,Markowitz,FDX,0.0,Rebalance
689,2022-01-03,Markowitz,GS,0.0,Rebalance
690,2022-01-03,Markowitz,GM,0.0,Rebalance
691,2022-01-03,Markowitz,HAS,0.0,Rebalance
692,2022-01-03,Markowitz,JBL,0.0,Rebalance
693,2022-01-03,Markowitz,KMB,0.015729842701572985,Rebalance
694,2022-01-03,Markowitz,KLAC,0.0,Rebalance
695,2022-01-03,Markowitz,LOW,0.24856751432485674,Rebalance
696,2022-01-03,Markowitz,MKC,0.0,Rebalance
697,2022-01-03,Markowitz,NEM,0.0,Rebalance
698,2022-01-03,Markowitz,OLN,0.1904980950190498,Rebalance
699,2022-01-03,Markowitz,PH,0.0,Rebalance
700,2023-01-03,Markowitz,PPG,0.0,Rebalance
701,2023-01-03,Markowitz,DELL,0.0,Rebalance
702,2023-01-03,Markowitz,QCOM,0.0,Rebalance
703,2023-01-03,Markowitz,AMAT,0.0,Rebalance
704,2023-01-03,Markowitz,MRK,0.30000000000000004,Rebalance
705,2023-01-03,Markowitz,AME,0.0,Rebalance
706,2023-01-03,Markowitz,PG,0.0,Rebalance
707,2023-01-03,Markowitz,CL,0.0,Rebalance
708,2023-01-03,Markowitz,V,0.0,Rebalance
709,2023-01-03,Markowitz,MA,0.0,Rebalance
710,2023-01-03,Markowitz,MU,0.0,Rebalance
711,2023-01-03,Markowitz,T,0.0,Rebalance
712,2023-01-03,Markowitz,JPM,0.0,Rebalance
713,2023-01-03,Markowitz,JNJ,0.0,Rebalance
714,2023-01-03,Markowitz,INTC,0.0,Rebalance
715,2023-01-03,Markowitz,GE,0.0,Rebalance
716,2023-01-03,Markowitz,MS,0.0,Rebalance
717,2023-01-03,Markowitz,RTX,0.0,Rebalance
718,2023-01-03,Markowitz,TXN,0.0,Rebalance
719,2023-01-03,Markowitz,IBM,0.0,Rebalance
720,2023-01-03,Markowitz,SPGI,0.0,Rebalance
721,2023-01-03,Markowitz,LMT,0.26041000000000003,Rebalance
722,2023-01-03,Markowitz,ADP,0.0,Rebalance
723,2023-01-03,Markowitz,COF,0.0,Rebalance
724,2023-01-03,Markowitz,WDC,0.0,Rebalance
725,2023-01-03,Markowitz,ABT,0.0,Rebalance
726,2023-01-03,Markowitz,GILD,0.11542000000000001,Rebalance
727,2023-01-03,Markowitz,UNP,0.0,Rebalance
728,2023-01-03,Markowitz,ADI,0.0,Rebalance
729,2023-01-03,Markowitz,TMUS,0.0,Rebalance
730,2023-01-03,Markowitz,MMM,0.0,Rebalance
731,2023-01-03,Markowitz,ADBE,0.0,Rebalance
732,2023-01-03,Markowitz,AXP,0.0,Rebalance
733,2023-01-03,Markowitz,BA,0.0,Rebalance
734,2023-01-03,Markowitz,CVX,0.024170000000000004,Rebalance
735,2023-01-03,Markowitz,CSCO,0.0,Rebalance
736,2023-01-03,Markowitz,DD,0.0,Rebalance
737,2023-01-03,Markowitz,XOM,0.30000000000000004,Rebalance
738,2023-01-03,Markowitz,FDX,0.0,Rebalance
739,2023-01-03,Markowitz,GS,0.0,Rebalance
740,2023-01-03,Markowitz,GM,0.0,Rebalance
741,2023-01-03,Markowitz,HAS,0.0,Rebalance
742,2023-01-03,Markowitz,JBL,0.0,Rebalance
743,2023-01-03,Markowitz,KMB,0.0,Rebalance
744,2023-01-03,Markowitz,KLAC,0.0,Rebalance
745,2023-01-03,Markowitz,LOW,0.0,Rebalance
746,2023-01-03,Markowitz,MKC,0.0,Rebalance
747,2023-01-03,Markowitz,NEM,0.0,Rebalance
748,2023-01-03,Markowitz,OLN,0.0,Rebalance
749,2023-01-03,Markowitz,PH,0.0,Rebalance
750,2024-01-02,Markowitz,PPG,0.0,Rebalance
751,2024-01-02,Markowitz,DELL,0.20882,Rebalance
752,2024-01-02,Markowitz,QCOM,0.0,Rebalance
753,2024-01-02,Markowitz,AMAT,0.0,Rebalance
754,2024-01-02,Markowitz,MRK,0.0,Rebalance
755,2024-01-02,Markowitz,AME,0.0,Rebalance
756,2024-01-02,Markowitz,PG,0.0,Rebalance
757,2024-01-02,Markowitz,CL,0.0,Rebalance
758,2024-01-02,Markowitz,V,0.0,Rebalance
759,2024-01-02,Markowitz,MA,0.0,Rebalance
760,2024-01-02,Markowitz,MU,0.0,Rebalance
761,2024-01-02,Markowitz,T,0.0,Rebalance
762,2024-01-02,Markowitz,JPM,0.0,Rebalance
763,2024-01-02,Markowitz,JNJ,0.0,Rebalance
764,2024-01-02,Markowitz,INTC,0.12938,Rebalance
765,2024-01-02,Markowitz,GE,0.3,Rebalance
766,2024-01-02,Markowitz,MS,0.0,Rebalance
767,2024-01-02,Markowitz,RTX,0.0,Rebalance
768,2024-01-02,Markowitz,TXN,0.0,Rebalance
769,2024-01-02,Markowitz,IBM,0.0,Rebalance
770,2024-01-02,Markowitz,SPGI,0.0,Rebalance
771,2024-01-02,Markowitz,LMT,0.0,Rebalance
772,2024-01-02,Markowitz,ADP,0.0,Rebalance
773,2024-01-02,Markowitz,COF,0.0,Rebalance
774,2024-01-02,Markowitz,WDC,0.0,Rebalance
775,2024-01-02,Markowitz,ABT,0.0,Rebalance
776,2024-01-02,Markowitz,GILD,0.0,Rebalance
777,2024-01-02,Markowitz,UNP,0.0,Rebalance
778,2024-01-02,Markowitz,ADI,0.0,Rebalance
779,2024-01-02,Markowitz,TMUS,0.09633,Rebalance
780,2024-01-02,Markowitz,MMM,0.0,Rebalance
781,2024-01-02,Markowitz,ADBE,0.11672,Rebalance
782,2024-01-02,Markowitz,AXP,0.0,Rebalance
783,2024-01-02,Markowitz,BA,0.0,Rebalance
784,2024-01-02,Markowitz,CVX,0.0,Rebalance
785,2024-01-02,Markowitz,CSCO,0.0,Rebalance
786,2024-01-02,Markowitz,DD,0.0,Rebalance
787,2024-01-02,Markowitz,XOM,0.0,Rebalance
788,2024-01-02,Markowitz,FDX,0.0,Rebalance
789,2024-01-02,Markowitz,GS,0.0,Rebalance
790,2024-01-02,Markowitz,GM,0.0,Rebalance
791,2024-01-02,Markowitz,HAS,0.0,Rebalance
792,2024-01-02,Markowitz,JBL,0.14875,Rebalance
793,2024-01-02,Markowitz,KMB,0.0,Rebalance
794,2024-01-02,Markowitz,KLAC,0.0,Rebalance
795,2024-01-02,Markowitz,LOW,0.0,Rebalance
796,2024-01-02,Markowitz,MKC,0.0,Rebalance
797,2024-01-02,Markowitz,NEM,0.0,Rebalance
798,2024-01-02,Markowitz,OLN,0.0,Rebalance
799,2024-01-02,Markowitz,PH,0.0,Rebalance
800,2025-01-02,Markowitz,PPG,0.0,Rebalance
801,2025-01-02,Markowitz,DELL,0.02337,Rebalance
802,2025-01-02,Markowitz,QCOM,0.0,Rebalance
803,2025-01-02,Markowitz,AMAT,0.0,Rebalance
804,2025-01-02,Markowitz,MRK,0.0,Rebalance
805,2025-01-02,Markowitz,AME,0.0,Rebalance
806,2025-01-02,Markowitz,PG,0.05205,Rebalance
807,2025-01-02,Markowitz,CL,0.0016,Rebalance
808,2025-01-02,Markowitz,V,0.0,Rebalance
809,2025-01-02,Markowitz,MA,0.0,Rebalance
810,2025-01-02,Markowitz,MU,0.0,Rebalance
811,2025-01-02,Markowitz,T,0.18344,Rebalance
812,2025-01-02,Markowitz,JPM,0.0,Rebalance
813,2025-01-02,Markowitz,JNJ,0.0,Rebalance
814,2025-01-02,Markowitz,INTC,0.0,Rebalance
815,2025-01-02,Markowitz,GE,0.10801,Rebalance
816,2025-01-02,Markowitz,MS,0.0,Rebalance
817,2025-01-02,Markowitz,RTX,0.17232,Rebalance
818,2025-01-02,Markowitz,TXN,0.0,Rebalance
819,2025-01-02,Markowitz,IBM,0.02241,Rebalance
820,2025-01-02,Markowitz,SPGI,0.0,Rebalance
821,2025-01-02,Markowitz,LMT,0.0,Rebalance
822,2025-01-02,Markowitz,ADP,0.01466,Rebalance
823,2025-01-02,Markowitz,COF,0.0,Rebalance
824,2025-01-02,Markowitz,WDC,0.0,Rebalance
825,2025-01-02,Markowitz,ABT,0.0,Rebalance
826,2025-01-02,Markowitz,GILD,0.0,Rebalance
827,2025-01-02,Markowitz,UNP,0.0,Rebalance
828,2025-01-02,Markowitz,ADI,0.0,Rebalance
829,2025-01-02,Markowitz,TMUS,0.18213,Rebalance
830,2025-01-02,Markowitz,MMM,0.05544,Rebalance
831,2025-01-02,Markowitz,ADBE,0.0,Rebalance
832,2025-01-02,Markowitz,AXP,0.11898,Rebalance
833,2025-01-02,Markowitz,BA,0.0,Rebalance
834,2025-01-02,Markowitz,CVX,0.0,Rebalance
835,2025-01-02,Markowitz,CSCO,0.0,Rebalance
836,2025-01-02,Markowitz,DD,0.0,Rebalance
837,2025-01-02,Markowitz,XOM,0.0,Rebalance
838,2025-01-02,Markowitz,FDX,0.0,Rebalance
839,2025-01-02,Markowitz,GS,0.0,Rebalance
840,2025-01-02,Markowitz,GM,0.06559,Rebalance
841,2025-01-02,Markowitz,HAS,0.0,Rebalance
842,2025-01-02,Markowitz,JBL,0.0,Rebalance
843,2025-01-02,Markowitz,KMB,0.0,Rebalance
844,2025-01-02,Markowitz,KLAC,0.0,Rebalance
845,2025-01-02,Markowitz,LOW,0.0,Rebalance
846,2025-01-02,Markowitz,MKC,0.0,Rebalance
847,2025-01-02,Markowitz,NEM,0.0,Rebalance
848,2025-01-02,Markowitz,OLN,0.0,Rebalance
849,2025-01-02,Markowitz,PH,0.0,Rebalance
850,2026-01-02,Markowitz,PPG,0.0,Rebalance
851,2026-01-02,Markowitz,DELL,0.0,Rebalance
852,2026-01-02,Markowitz,QCOM,0.0,Rebalance
853,2026-01-02,Markowitz,AMAT,0.0,Rebalance
854,2026-01-02,Markowitz,MRK,0.0,Rebalance
855,2026-01-02,Markowitz,AME,0.0,Rebalance
856,2026-01-02,Markowitz,PG,0.0,Rebalance
857,2026-01-02,Markowitz,CL,0.0,Rebalance
858,2026-01-02,Markowitz,V,0.0,Rebalance
859,2026-01-02,Markowitz,MA,0.0,Rebalance
860,2026-01-02,Markowitz,MU,0.016780000000000003,Rebalance
861,2026-01-02,Markowitz,T,0.05274000000000001,Rebalance
862,2026-01-02,Markowitz,JPM,0.0,Rebalance
863,2026-01-02,Markowitz,JNJ,0.30000000000000004,Rebalance
864,2026-01-02,Markowitz,INTC,0.0,Rebalance
865,2026-01-02,Markowitz,GE,0.0,Rebalance
866,2026-01-02,Markowitz,MS,0.0,Rebalance
867,2026-01-02,Markowitz,RTX,0.03744000000000001,Rebalance
868,2026-01-02,Markowitz,TXN,0.0,Rebalance
869,2026-01-02,Markowitz,IBM,0.0,Rebalance
870,2026-01-02,Markowitz,SPGI,0.0,Rebalance
871,2026-01-02,Markowitz,LMT,0.0,Rebalance
872,2026-01-02,Markowitz,ADP,0.0,Rebalance
873,2026-01-02,Markowitz,COF,0.0,Rebalance
874,2026-01-02,Markowitz,WDC,0.30000000000000004,Rebalance
875,2026-01-02,Markowitz,ABT,0.0,Rebalance
876,2026-01-02,Markowitz,GILD,0.013100000000000002,Rebalance
877,2026-01-02,Markowitz,UNP,0.0,Rebalance
878,2026-01-02,Markowitz,ADI,0.0,Rebalance
879,2026-01-02,Markowitz,TMUS,0.0,Rebalance
880,2026-01-02,Markowitz,MMM,0.0,Rebalance
881,2026-01-02,Markowitz,ADBE,0.0,Rebalance
882,2026-01-02,Markowitz,AXP,0.0,Rebalance
883,2026-01-02,Markowitz,BA,0.0,Rebalance
884,2026-01-02,Markowitz,CVX,0.0,Rebalance
885,2026-01-02,Markowitz,CSCO,0.0,Rebalance
886,2026-01-02,Markowitz,DD,0.0,Rebalance
887,2026-01-02,Markowitz,XOM,0.0,Rebalance
888,2026-01-02,Markowitz,FDX,0.0,Rebalance
889,2026-01-02,Markowitz,GS,0.0,Rebalance
890,2026-01-02,Markowitz,GM,0.012810000000000002,Rebalance
891,2026-01-02,Markowitz,HAS,0.0,Rebalance
892,2026-01-02,Markowitz,JBL,0.0,Rebalance
893,2026-01-02,Markowitz,KMB,0.0,Rebalance
894,2026-01-02,Markowitz,KLAC,0.0,Rebalance
895,2026-01-02,Markowitz,LOW,0.0,Rebalance
896,2026-01-02,Markowitz,MKC,0.0,Rebalance
897,2026-01-02,Markowitz,NEM,0.26713000000000003,Rebalance
898,2026-01-02,Markowitz,OLN,0.0,Rebalance
899,2026-01-02,Markowitz,PH,0.0,Rebalance
900,2021-01-05,Black-Litterman,PPG,0.0,Initial
901,2021-01-05,Black-Litterman,DELL,0.0,Initial
902,2021-01-05,Black-Litterman,QCOM,0.0,Initial
903,2021-01-05,Black-Litterman,AMAT,0.06193,Initial
904,2021-01-05,Black-Litterman,MRK,0.0,Initial
905,2021-01-05,Black-Litterman,AME,0.0,Initial
906,2021-01-05,Black-Litterman,PG,0.0,Initial
907,2021-01-05,Black-Litterman,CL,0.0,Initial
908,2021-01-05,Black-Litterman,V,0.18497,Initial
909,2021-01-05,Black-Litterman,MA,0.0795,Initial
910,2021-01-05,Black-Litterman,MU,0.23651,Initial
911,2021-01-05,Black-Litterman,T,0.0,Initial
912,2021-01-05,Black-Litterman,JPM,0.0,Initial
913,2021-01-05,Black-Litterman,JNJ,0.0,Initial
914,2021-01-05,Black-Litterman,INTC,0.0,Initial
915,2021-01-05,Black-Litterman,GE,0.01732,Initial
916,2021-01-05,Black-Litterman,MS,0.0,Initial
917,2021-01-05,Black-Litterman,RTX,0.0,Initial
918,2021-01-05,Black-Litterman,TXN,0.0,Initial
919,2021-01-05,Black-Litterman,IBM,0.0,Initial
920,2021-01-05,Black-Litterman,SPGI,0.07845,Initial
921,2021-01-05,Black-Litterman,LMT,0.0,Initial
922,2021-01-05,Black-Litterman,ADP,0.0,Initial
923,2021-01-05,Black-Litterman,COF,0.0,Initial
924,2021-01-05,Black-Litterman,WDC,0.0075,Initial
925,2021-01-05,Black-Litterman,ABT,0.0,Initial
926,2021-01-05,Black-Litterman,GILD,0.01406,Initial
927,2021-01-05,Black-Litterman,UNP,0.0,Initial
928,2021-01-05,Black-Litterman,ADI,0.0,Initial
929,2021-01-05,Black-Litterman,TMUS,0.0,Initial
930,2021-01-05,Black-Litterman,MMM,0.0,Initial
931,2021-01-05,Black-Litterman,ADBE,0.16412,Initial
932,2021-01-05,Black-Litterman,AXP,0.0,Initial
933,2021-01-05,Black-Litterman,BA,0.0,Initial
934,2021-01-05,Black-Litterman,CVX,0.0,Initial
935,2021-01-05,Black-Litterman,CSCO,0.0,Initial
936,2021-01-05,Black-Litterman,DD,0.0,Initial
937,2021-01-05,Black-Litterman,XOM,0.0,Initial
938,2021-01-05,Black-Litterman,FDX,0.0,Initial
939,2021-01-05,Black-Litterman,GS,0.0,Initial
940,2021-01-05,Black-Litterman,GM,0.0,Initial
941,2021-01-05,Black-Litterman,HAS,0.0,Initial
942,2021-01-05,Black-Litterman,JBL,0.0,Initial
943,2021-01-05,Black-Litterman,KMB,0.0,Initial
944,2021-01-05,Black-Litterman,KLAC,0.13121,Initial
945,2021-01-05,Black-Litterman,LOW,0.0,Initial
946,2021-01-05,Black-Litterman,MKC,0.0,Initial
947,2021-01-05,Black-Litterman,NEM,0.02443,Initial
948,2021-01-05,Black-Litterman,OLN,0.0,Initial
949,2021-01-05,Black-Litterman,PH,0.0,Initial
950,2022-01-03,Black-Litterman,PPG,0.0,Rebalance
951,2022-01-03,Black-Litterman,DELL,0.02064,Rebalance
952,2022-01-03,Black-Litterman,QCOM,0.0251,Rebalance
953,2022-01-03,Black-Litterman,AMAT,0.0,Rebalance
954,2022-01-03,Black-Litterman,MRK,0.04218,Rebalance
955,2022-01-03,Black-Litterman,AME,0.02508,Rebalance
956,2022-01-03,Black-Litterman,PG,0.0,Rebalance
957,2022-01-03,Black-Litterman,CL,0.0,Rebalance
958,2022-01-03,Black-Litterman,V,0.12075,Rebalance
959,2022-01-03,Black-Litterman,MA,0.02512,Rebalance
960,2022-01-03,Black-Litterman,MU,0.04167,Rebalance
961,2022-01-03,Black-Litterman,T,0.0,Rebalance
962,2022-01-03,Black-Litterman,JPM,0.12039,Rebalance
963,2022-01-03,Black-Litterman,JNJ,0.02439,Rebalance
964,2022-01-03,Black-Litterman,INTC,0.02153,Rebalance
965,2022-01-03,Black-Litterman,GE,0.02856,Rebalance
966,2022-01-03,Black-Litterman,MS,0.0,Rebalance
967,2022-01-03,Black-Litterman,RTX,0.0,Rebalance
968,2022-01-03,Black-Litterman,TXN,0.0,Rebalance
969,2022-01-03,Black-Litterman,IBM,0.01038,Rebalance
970,2022-01-03,Black-Litterman,SPGI,0.05045,Rebalance
971,2022-01-03,Black-Litterman,LMT,0.04913,Rebalance
972,2022-01-03,Black-Litterman,ADP,0.0,Rebalance
973,2022-01-03,Black-Litterman,COF,0.0,Rebalance
974,2022-01-03,Black-Litterman,WDC,0.0088,Rebalance
975,2022-01-03,Black-Litterman,ABT,0.02681,Rebalance
976,2022-01-03,Black-Litterman,GILD,0.05286,Rebalance
977,2022-01-03,Black-Litterman,UNP,0.0,Rebalance
978,2022-01-03,Black-Litterman,ADI,0.0,Rebalance
979,2022-01-03,Black-Litterman,TMUS,0.01352,Rebalance
980,2022-01-03,Black-Litterman,MMM,0.0,Rebalance
981,2022-01-03,Black-Litterman,ADBE,0.07203,Rebalance
982,2022-01-03,Black-Litterman,AXP,0.0,Rebalance
983,2022-01-03,Black-Litterman,BA,0.0,Rebalance
984,2022-01-03,Black-Litterman,CVX,0.0,Rebalance
985,2022-01-03,Black-Litterman,CSCO,0.0,Rebalance
986,2022-01-03,Black-Litterman,DD,0.0,Rebalance
987,2022-01-03,Black-Litterman,XOM,0.0099,Rebalance
988,2022-01-03,Black-Litterman,FDX,0.0,Rebalance
989,2022-01-03,Black-Litterman,GS,0.0,Rebalance
990,2022-01-03,Black-Litterman,GM,0.0,Rebalance
991,2022-01-03,Black-Litterman,HAS,0.0,Rebalance
992,2022-01-03,Black-Litterman,JBL,0.0,Rebalance
993,2022-01-03,Black-Litterman,KMB,0.04848,Rebalance
994,2022-01-03,Black-Litterman,KLAC,0.0,Rebalance
995,2022-01-03,Black-Litterman,LOW,0.00929,Rebalance
996,2022-01-03,Black-Litterman,MKC,0.11617,Rebalance
997,2022-01-03,Black-Litterman,NEM,0.01323,Rebalance
998,2022-01-03,Black-Litterman,OLN,0.0,Rebalance
999,2022-01-03,Black-Litterman,PH,0.02354,Rebalance
1000,2023-01-03,Black-Litterman,PPG,0.0,Rebalance
1001,2023-01-03,Black-Litterman,DELL,0.010690320709621288,Rebalance
1002,2023-01-03,Black-Litterman,QCOM,0.0,Rebalance
1003,2023-01-03,Black-Litterman,AMAT,0.006050181505445163,Rebalance
1004,2023-01-03,Black-Litterman,MRK,0.01332039961198836,Rebalance
1005,2023-01-03,Black-Litterman,AME,0.10982329469884096,Rebalance
1006,2023-01-03,Black-Litterman,PG,0.0,Rebalance
1007,2023-01-03,Black-Litterman,CL,0.0,Rebalance
1008,2023-01-03,Black-Litterman,V,0.07698230946928408,Rebalance
1009,2023-01-03,Black-Litterman,MA,0.04986149584487535,Rebalance
1010,2023-01-03,Black-Litterman,MU,0.06380191405742172,Rebalance
1011,2023-01-03,Black-Litterman,T,0.0,Rebalance
1012,2023-01-03,Black-Litterman,JPM,0.03144094322829685,Rebalance
1013,2023-01-03,Black-Litterman,JNJ,0.0,Rebalance
1014,2023-01-03,Black-Litterman,INTC,0.0,Rebalance
1015,2023-01-03,Black-Litterman,GE,0.032050961528845866,Rebalance
1016,2023-01-03,Black-Litterman,MS,0.0,Rebalance
1017,2023-01-03,Black-Litterman,RTX,0.2072962188865666,Rebalance
1018,2023-01-03,Black-Litterman,TXN,0.0,Rebalance
1019,2023-01-03,Black-Litterman,IBM,0.04604138124143724,Rebalance
1020,2023-01-03,Black-Litterman,SPGI,0.013470404112123363,Rebalance
1021,2023-01-03,Black-Litterman,LMT,0.12371371141134234,Rebalance
1022,2023-01-03,Black-Litterman,ADP,0.0,Rebalance
1023,2023-01-03,Black-Litterman,COF,0.0,Rebalance
1024,2023-01-03,Black-Litterman,WDC,0.011330339910197305,Rebalance
1025,2023-01-03,Black-Litterman,ABT,0.0,Rebalance
1026,2023-01-03,Black-Litterman,GILD,0.0,Rebalance
1027,2023-01-03,Black-Litterman,UNP,0.0,Rebalance
1028,2023-01-03,Black-Litterman,ADI,0.0,Rebalance
1029,2023-01-03,Black-Litterman,TMUS,0.011770353110593317,Rebalance
1030,2023-01-03,Black-Litterman,MMM,0.0,Rebalance
1031,2023-01-03,Black-Litterman,ADBE,0.0,Rebalance
1032,2023-01-03,Black-Litterman,AXP,0.0,Rebalance
1033,2023-01-03,Black-Litterman,BA,0.0,Rebalance
1034,2023-01-03,Black-Litterman,CVX,0.0,Rebalance
1035,2023-01-03,Black-Litterman,CSCO,0.0,Rebalance
1036,2023-01-03,Black-Litterman,DD,0.0,Rebalance
1037,2023-01-03,Black-Litterman,XOM,0.0,Rebalance
1038,2023-01-03,Black-Litterman,FDX,0.0,Rebalance
1039,2023-01-03,Black-Litterman,GS,0.0,Rebalance
1040,2023-01-03,Black-Litterman,GM,0.0,Rebalance
1041,2023-01-03,Black-Litterman,HAS,0.0,Rebalance
1042,2023-01-03,Black-Litterman,JBL,0.0,Rebalance
1043,2023-01-03,Black-Litterman,KMB,0.0,Rebalance
1044,2023-01-03,Black-Litterman,KLAC,0.0,Rebalance
1045,2023-01-03,Black-Litterman,LOW,0.0,Rebalance
1046,2023-01-03,Black-Litterman,MKC,0.054301629048871466,Rebalance
1047,2023-01-03,Black-Litterman,NEM,0.0148004440133204,Rebalance
1048,2023-01-03,Black-Litterman,OLN,0.0,Rebalance
1049,2023-01-03,Black-Litterman,PH,0.12325369761092832,Rebalance
1050,2024-01-02,Black-Litterman,PPG,0.0,Rebalance
1051,2024-01-02,Black-Litterman,DELL,0.012349629511114667,Rebalance
1052,2024-01-02,Black-Litterman,QCOM,0.0,Rebalance
1053,2024-01-02,Black-Litterman,AMAT,0.01960941171764847,Rebalance
1054,2024-01-02,Black-Litterman,MRK,0.06571802845914623,Rebalance
1055,2024-01-02,Black-Litterman,AME,0.0222893313200604,Rebalance
1056,2024-01-02,Black-Litterman,PG,0.0,Rebalance
1057,2024-01-02,Black-Litterman,CL,0.0,Rebalance
1058,2024-01-02,Black-Litterman,V,0.1625751227463176,Rebalance
1059,2024-01-02,Black-Litterman,MA,0.13399598012059638,Rebalance
1060,2024-01-02,Black-Litterman,MU,0.061318160455186344,Rebalance
1061,2024-01-02,Black-Litterman,T,0.0,Rebalance
1062,2024-01-02,Black-Litterman,JPM,0.08369748907532774,Rebalance
1063,2024-01-02,Black-Litterman,JNJ,0.007289781306560803,Rebalance
1064,2024-01-02,Black-Litterman,INTC,0.0028999130026099215,Rebalance
1065,2024-01-02,Black-Litterman,GE,0.030979070627881165,Rebalance
1066,2024-01-02,Black-Litterman,MS,0.0,Rebalance
1067,2024-01-02,Black-Litterman,RTX,0.06273811785646431,Rebalance
1068,2024-01-02,Black-Litterman,TXN,0.0,Rebalance
1069,2024-01-02,Black-Litterman,IBM,0.03916882493525195,Rebalance
1070,2024-01-02,Black-Litterman,SPGI,0.0,Rebalance
1071,2024-01-02,Black-Litterman,LMT,0.05301840944771657,Rebalance
1072,2024-01-02,Black-Litterman,ADP,0.0,Rebalance
1073,2024-01-02,Black-Litterman,COF,0.0,Rebalance
1074,2024-01-02,Black-Litterman,WDC,0.0,Rebalance
1075,2024-01-02,Black-Litterman,ABT,0.009009729708108758,Rebalance
1076,2024-01-02,Black-Litterman,GILD,0.0,Rebalance
1077,2024-01-02,Black-Litterman,UNP,0.0,Rebalance
1078,2024-01-02,Black-Litterman,ADI,0.0,Rebalance
1079,2024-01-02,Black-Litterman,TMUS,0.1334159975200744,Rebalance
1080,2024-01-02,Black-Litterman,MMM,0.0,Rebalance
1081,2024-01-02,Black-Litterman,ADBE,0.02698919032429027,Rebalance
1082,2024-01-02,Black-Litterman,AXP,0.0,Rebalance
1083,2024-01-02,Black-Litterman,BA,0.012409627711168665,Rebalance
1084,2024-01-02,Black-Litterman,CVX,0.0,Rebalance
1085,2024-01-02,Black-Litterman,CSCO,0.0,Rebalance
1086,2024-01-02,Black-Litterman,DD,0.0,Rebalance
1087,2024-01-02,Black-Litterman,XOM,0.04944851654450367,Rebalance
1088,2024-01-02,Black-Litterman,FDX,0.0,Rebalance
1089,2024-01-02,Black-Litterman,GS,0.0,Rebalance
1090,2024-01-02,Black-Litterman,GM,0.0,Rebalance
1091,2024-01-02,Black-Litterman,HAS,0.0,Rebalance
1092,2024-01-02,Black-Litterman,JBL,0.007579772606821795,Rebalance
1093,2024-01-02,Black-Litterman,KMB,0.0,Rebalance
1094,2024-01-02,Black-Litterman,KLAC,0.0011399658010259692,Rebalance
1095,2024-01-02,Black-Litterman,LOW,0.0,Rebalance
1096,2024-01-02,Black-Litterman,MKC,0.0,Rebalance
1097,2024-01-02,Black-Litterman,NEM,0.0023599292021239363,Rebalance
1098,2024-01-02,Black-Litterman,OLN,0.0,Rebalance
1099,2024-01-02,Black-Litterman,PH,0.0,Rebalance
1100,2025-01-02,Black-Litterman,PPG,0.0,Rebalance
1101,2025-01-02,Black-Litterman,DELL,0.0,Rebalance
1102,2025-01-02,Black-Litterman,QCOM,0.0,Rebalance
1103,2025-01-02,Black-Litterman,AMAT,0.02306,Rebalance
1104,2025-01-02,Black-Litterman,MRK,0.03832,Rebalance
1105,2025-01-02,Black-Litterman,AME,0.00913,Rebalance
1106,2025-01-02,Black-Litterman,PG,0.00286,Rebalance
1107,2025-01-02,Black-Litterman,CL,0.00477,Rebalance
1108,2025-01-02,Black-Litterman,V,0.12762,Rebalance
1109,2025-01-02,Black-Litterman,MA,0.12353,Rebalance
1110,2025-01-02,Black-Litterman,MU,0.02228,Rebalance
1111,2025-01-02,Black-Litterman,T,0.0,Rebalance
1112,2025-01-02,Black-Litterman,JPM,0.0305,Rebalance
1113,2025-01-02,Black-Litterman,JNJ,0.02298,Rebalance
1114,2025-01-02,Black-Litterman,INTC,0.0,Rebalance
1115,2025-01-02,Black-Litterman,GE,0.01497,Rebalance
1116,2025-01-02,Black-Litterman,MS,0.0,Rebalance
1117,2025-01-02,Black-Litterman,RTX,0.11668,Rebalance
1118,2025-01-02,Black-Litterman,TXN,0.0,Rebalance
1119,2025-01-02,Black-Litterman,IBM,0.0,Rebalance
1120,2025-01-02,Black-Litterman,SPGI,0.08515,Rebalance
1121,2025-01-02,Black-Litterman,LMT,0.04539,Rebalance
1122,2025-01-02,Black-Litterman,ADP,0.0,Rebalance
1123,2025-01-02,Black-Litterman,COF,0.0,Rebalance
1124,2025-01-02,Black-Litterman,WDC,0.01862,Rebalance
1125,2025-01-02,Black-Litterman,ABT,0.0183,Rebalance
1126,2025-01-02,Black-Litterman,GILD,0.01373,Rebalance
1127,2025-01-02,Black-Litterman,UNP,0.0,Rebalance
1128,2025-01-02,Black-Litterman,ADI,0.0,Rebalance
1129,2025-01-02,Black-Litterman,TMUS,0.0982,Rebalance
1130,2025-01-02,Black-Litterman,MMM,0.0,Rebalance
1131,2025-01-02,Black-Litterman,ADBE,0.02823,Rebalance
1132,2025-01-02,Black-Litterman,AXP,0.0,Rebalance
1133,2025-01-02,Black-Litterman,BA,0.01294,Rebalance
1134,2025-01-02,Black-Litterman,CVX,0.0,Rebalance
1135,2025-01-02,Black-Litterman,CSCO,0.0,Rebalance
1136,2025-01-02,Black-Litterman,DD,0.03992,Rebalance
1137,2025-01-02,Black-Litterman,XOM,0.05422,Rebalance
1138,2025-01-02,Black-Litterman,FDX,0.0,Rebalance
1139,2025-01-02,Black-Litterman,GS,0.0,Rebalance
1140,2025-01-02,Black-Litterman,GM,0.0,Rebalance
1141,2025-01-02,Black-Litterman,HAS,0.0,Rebalance
1142,2025-01-02,Black-Litterman,JBL,0.0,Rebalance
1143,2025-01-02,Black-Litterman,KMB,0.01505,Rebalance
1144,2025-01-02,Black-Litterman,KLAC,0.0,Rebalance
1145,2025-01-02,Black-Litterman,LOW,0.0,Rebalance
1146,2025-01-02,Black-Litterman,MKC,0.03355,Rebalance
1147,2025-01-02,Black-Litterman,NEM,0.0,Rebalance
1148,2025-01-02,Black-Litterman,OLN,0.0,Rebalance
1149,2025-01-02,Black-Litterman,PH,0.0,Rebalance
1150,2026-01-02,Black-Litterman,PPG,0.0,Rebalance
1151,2026-01-02,Black-Litterman,DELL,0.0,Rebalance
1152,2026-01-02,Black-Litterman,QCOM,0.0,Rebalance
1153,2026-01-02,Black-Litterman,AMAT,0.026330263302633026,Rebalance
1154,2026-01-02,Black-Litterman,MRK,0.0,Rebalance
1155,2026-01-02,Black-Litterman,AME,0.027210272102721027,Rebalance
1156,2026-01-02,Black-Litterman,PG,0.0,Rebalance
1157,2026-01-02,Black-Litterman,CL,0.011970119701197011,Rebalance
1158,2026-01-02,Black-Litterman,V,0.17225172251722515,Rebalance
1159,2026-01-02,Black-Litterman,MA,0.12421124211242111,Rebalance
1160,2026-01-02,Black-Litterman,MU,0.04606046060460604,Rebalance
1161,2026-01-02,Black-Litterman,T,0.0,Rebalance
1162,2026-01-02,Black-Litterman,JPM,0.06332063320633206,Rebalance
1163,2026-01-02,Black-Litterman,JNJ,0.04731047310473104,Rebalance
1164,2026-01-02,Black-Litterman,INTC,0.0,Rebalance
1165,2026-01-02,Black-Litterman,GE,0.03598035980359803,Rebalance
1166,2026-01-02,Black-Litterman,MS,0.0,Rebalance
1167,2026-01-02,Black-Litterman,RTX,0.1108811088110881,Rebalance
1168,2026-01-02,Black-Litterman,TXN,0.0,Rebalance
1169,2026-01-02,Black-Litterman,IBM,0.006540065400654006,Rebalance
1170,2026-01-02,Black-Litterman,SPGI,0.041080410804108035,Rebalance
1171,2026-01-02,Black-Litterman,LMT,0.08652086520865208,Rebalance
1172,2026-01-02,Black-Litterman,ADP,0.0,Rebalance
1173,2026-01-02,Black-Litterman,COF,0.0,Rebalance
1174,2026-01-02,Black-Litterman,WDC,0.0,Rebalance
1175,2026-01-02,Black-Litterman,ABT,0.015050150501505013,Rebalance
1176,2026-01-02,Black-Litterman,GILD,0.0,Rebalance
1177,2026-01-02,Black-Litterman,UNP,0.0,Rebalance
1178,2026-01-02,Black-Litterman,ADI,0.0,Rebalance
1179,2026-01-02,Black-Litterman,TMUS,0.11235112351123511,Rebalance
1180,2026-01-02,Black-Litterman,MMM,0.0,Rebalance
1181,2026-01-02,Black-Litterman,ADBE,0.06117061170611706,Rebalance
1182,2026-01-02,Black-Litterman,AXP,0.0,Rebalance
1183,2026-01-02,Black-Litterman,BA,0.0,Rebalance
1184,2026-01-02,Black-Litterman,CVX,0.0,Rebalance
1185,2026-01-02,Black-Litterman,CSCO,0.0,Rebalance
1186,2026-01-02,Black-Litterman,DD,0.0,Rebalance
1187,2026-01-02,Black-Litterman,XOM,0.005870058700587006,Rebalance
1188,2026-01-02,Black-Litterman,FDX,0.0,Rebalance
1189,2026-01-02,Black-Litterman,GS,0.0,Rebalance
1190,2026-01-02,Black-Litterman,GM,0.0,Rebalance
1191,2026-01-02,Black-Litterman,HAS,0.0,Rebalance
1192,2026-01-02,Black-Litterman,JBL,0.0,Rebalance
1193,2026-01-02,Black-Litterman,KMB,0.005890058900589006,Rebalance
1194,2026-01-02,Black-Litterman,KLAC,0.0,Rebalance
1195,2026-01-02,Black-Litterman,LOW,0.0,Rebalance
1196,2026-01-02,Black-Litterman,MKC,0.0,Rebalance
1197,2026-01-02,Black-Litterman,NEM,0.0,Rebalance
1198,2026-01-02,Black-Litterman,OLN,0.0,Rebalance
1199,2026-01-02,Black-Litterman,PH,0.0,Rebalance
1200,2021-01-05,Risk-Parity,PPG,0.020178816068891194,Initial
1201,2021-01-05,Risk-Parity,DELL,0.018710382790621122,Initial
1202,2021-01-05,Risk-Parity,QCOM,0.01816482277566227,Initial
1203,2021-01-05,Risk-Parity,AMAT,0.014158114237434221,Initial
1204,2021-01-05,Risk-Parity,MRK,0.029725798691925175,Initial
1205,2021-01-05,Risk-Parity,AME,0.017028355416882152,Initial
1206,2021-01-05,Risk-Parity,PG,0.029718147278449566,Initial
1207,2021-01-05,Risk-Parity,CL,0.031033585189197646,Initial
1208,2021-01-05,Risk-Parity,V,0.01832386682772297,Initial
1209,2021-01-05,Risk-Parity,MA,0.01677715821322401,Initial
1210,2021-01-05,Risk-Parity,MU,0.015246674938300201,Initial
1211,2021-01-05,Risk-Parity,T,0.023766575822392493,Initial
1212,2021-01-05,Risk-Parity,JPM,0.01525768735390776,Initial
1213,2021-01-05,Risk-Parity,JNJ,0.030535945102193103,Initial
1214,2021-01-05,Risk-Parity,INTC,0.017702506561335346,Initial
1215,2021-01-05,Risk-Parity,GE,0.015206520054264315,Initial
1216,2021-01-05,Risk-Parity,MS,0.013864981880694382,Initial
1217,2021-01-05,Risk-Parity,RTX,0.0156284470453133,Initial
1218,2021-01-05,Risk-Parity,TXN,0.0190854314264387,Initial
1219,2021-01-05,Risk-Parity,IBM,0.019742826349294668,Initial
1220,2021-01-05,Risk-Parity,SPGI,0.018703869246511566,Initial
1221,2021-01-05,Risk-Parity,LMT,0.02321468883786603,Initial
1222,2021-01-05,Risk-Parity,ADP,0.018179693317658133,Initial
1223,2021-01-05,Risk-Parity,COF,0.011985820500012486,Initial
1224,2021-01-05,Risk-Parity,WDC,0.013354655159802555,Initial
1225,2021-01-05,Risk-Parity,ABT,0.02474353236772977,Initial
1226,2021-01-05,Risk-Parity,GILD,0.041035646112143644,Initial
1227,2021-01-05,Risk-Parity,UNP,0.019508103056658344,Initial
1228,2021-01-05,Risk-Parity,ADI,0.01701433417932989,Initial
1229,2021-01-05,Risk-Parity,TMUS,0.025091969017917135,Initial
1230,2021-01-05,Risk-Parity,MMM,0.023641882552075923,Initial
1231,2021-01-05,Risk-Parity,ADBE,0.020920720205366363,Initial
1232,2021-01-05,Risk-Parity,AXP,0.013210988643380363,Initial
1233,2021-01-05,Risk-Parity,BA,0.011264530515160926,Initial
1234,2021-01-05,Risk-Parity,CVX,0.01413048266289929,Initial
1235,2021-01-05,Risk-Parity,CSCO,0.02068545275855019,Initial
1236,2021-01-05,Risk-Parity,DD,0.0166576002249273,Initial
1237,2021-01-05,Risk-Parity,XOM,0.0172952715725781,Initial
1238,2021-01-05,Risk-Parity,FDX,0.018501846882763233,Initial
1239,2021-01-05,Risk-Parity,GS,0.015631955588340025,Initial
1240,2021-01-05,Risk-Parity,GM,0.015238099776790059,Initial
1241,2021-01-05,Risk-Parity,HAS,0.018496776305339305,Initial
1242,2021-01-05,Risk-Parity,JBL,0.014519584629494457,Initial
1243,2021-01-05,Risk-Parity,KMB,0.03549446005444886,Initial
1244,2021-01-05,Risk-Parity,KLAC,0.014268526805529397,Initial
1245,2021-01-05,Risk-Parity,LOW,0.01739686689796529,Initial
1246,2021-01-05,Risk-Parity,MKC,0.028435623260295653,Initial
1247,2021-01-05,Risk-Parity,NEM,0.04459654478950124,Initial
1248,2021-01-05,Risk-Parity,OLN,0.013375437911477968,Initial
1249,2021-01-05,Risk-Parity,PH,0.013548392143341963,Initial
1250,2022-01-03,Risk-Parity,PPG,0.016753758073444657,Rebalance
1251,2022-01-03,Risk-Parity,DELL,0.01611144357839185,Rebalance
1252,2022-01-03,Risk-Parity,QCOM,0.014630220127279303,Rebalance
1253,2022-01-03,Risk-Parity,AMAT,0.009561583212722262,Rebalance
1254,2022-01-03,Risk-Parity,MRK,0.03925614881202056,Rebalance
1255,2022-01-03,Risk-Parity,AME,0.015868959114067403,Rebalance
1256,2022-01-03,Risk-Parity,PG,0.03279527131186933,Rebalance
1257,2022-01-03,Risk-Parity,CL,0.0384860510533427,Rebalance
1258,2022-01-03,Risk-Parity,V,0.016977450199879864,Rebalance
1259,2022-01-03,Risk-Parity,MA,0.01388590718395136,Rebalance
1260,2022-01-03,Risk-Parity,MU,0.011432838048936482,Rebalance
1261,2022-01-03,Risk-Parity,T,0.028010058517341025,Rebalance
1262,2022-01-03,Risk-Parity,JPM,0.01706280981513176,Rebalance
1263,2022-01-03,Risk-Parity,JNJ,0.03230904599742638,Rebalance
1264,2022-01-03,Risk-Parity,INTC,0.014228590383358304,Rebalance
1265,2022-01-03,Risk-Parity,GE,0.013353372912292884,Rebalance
1266,2022-01-03,Risk-Parity,MS,0.014234669149461006,Rebalance
1267,2022-01-03,Risk-Parity,RTX,0.01510133372524462,Rebalance
1268,2022-01-03,Risk-Parity,TXN,0.013692439223212132,Rebalance
1269,2022-01-03,Risk-Parity,IBM,0.021354517211305817,Rebalance
1270,2022-01-03,Risk-Parity,SPGI,0.02028887765989335,Rebalance
1271,2022-01-03,Risk-Parity,LMT,0.029929201785161615,Rebalance
1272,2022-01-03,Risk-Parity,ADP,0.019613059532495838,Rebalance
1273,2022-01-03,Risk-Parity,COF,0.01261430258692822,Rebalance
1274,2022-01-03,Risk-Parity,WDC,0.010679118258655206,Rebalance
1275,2022-01-03,Risk-Parity,ABT,0.03459943683003616,Rebalance
1276,2022-01-03,Risk-Parity,GILD,0.03248658142076438,Rebalance
1277,2022-01-03,Risk-Parity,UNP,0.017235171561188964,Rebalance
1278,2022-01-03,Risk-Parity,ADI,0.01492651536486452,Rebalance
1279,2022-01-03,Risk-Parity,TMUS,0.019709954817143445,Rebalance
1280,2022-01-03,Risk-Parity,MMM,0.02421780187698405,Rebalance
1281,2022-01-03,Risk-Parity,ADBE,0.022313795523109792,Rebalance
1282,2022-01-03,Risk-Parity,AXP,0.01327205903293073,Rebalance
1283,2022-01-03,Risk-Parity,BA,0.012385493081039933,Rebalance
1284,2022-01-03,Risk-Parity,CVX,0.01572811693024848,Rebalance
1285,2022-01-03,Risk-Parity,CSCO,0.019130837924380518,Rebalance
1286,2022-01-03,Risk-Parity,DD,0.013219987224957697,Rebalance
1287,2022-01-03,Risk-Parity,XOM,0.014508356075024948,Rebalance
1288,2022-01-03,Risk-Parity,FDX,0.01763775316263524,Rebalance
1289,2022-01-03,Risk-Parity,GS,0.015796525686693364,Rebalance
1290,2022-01-03,Risk-Parity,GM,0.01162618242160012,Rebalance
1291,2022-01-03,Risk-Parity,HAS,0.025649157646112614,Rebalance
1292,2022-01-03,Risk-Parity,JBL,0.0119007663230726,Rebalance
1293,2022-01-03,Risk-Parity,KMB,0.056218989140111975,Rebalance
1294,2022-01-03,Risk-Parity,KLAC,0.01094512200413777,Rebalance
1295,2022-01-03,Risk-Parity,LOW,0.020958934262693327,Rebalance
1296,2022-01-03,Risk-Parity,MKC,0.04134766093770666,Rebalance
1297,2022-01-03,Risk-Parity,NEM,0.025062531690740474,Rebalance
1298,2022-01-03,Risk-Parity,OLN,0.008110402481178888,Rebalance
1299,2022-01-03,Risk-Parity,PH,0.012780839106829261,Rebalance
1300,2023-01-03,Risk-Parity,PPG,0.014790698346823797,Rebalance
1301,2023-01-03,Risk-Parity,DELL,0.013110066935181542,Rebalance
1302,2023-01-03,Risk-Parity,QCOM,0.011449201365205436,Rebalance
1303,2023-01-03,Risk-Parity,AMAT,0.009858672577608855,Rebalance
1304,2023-01-03,Risk-Parity,MRK,0.045672983568222275,Rebalance
1305,2023-01-03,Risk-Parity,AME,0.01911084156350207,Rebalance
1306,2023-01-03,Risk-Parity,PG,0.029590333074217056,Rebalance
1307,2023-01-03,Risk-Parity,CL,0.034271178071839346,Rebalance
1308,2023-01-03,Risk-Parity,V,0.017156040684808457,Rebalance
1309,2023-01-03,Risk-Parity,MA,0.01522389168672854,Rebalance
1310,2023-01-03,Risk-Parity,MU,0.011513993578701259,Rebalance
1311,2023-01-03,Risk-Parity,T,0.027292757697608302,Rebalance
1312,2023-01-03,Risk-Parity,JPM,0.017596358848951933,Rebalance
1313,2023-01-03,Risk-Parity,JNJ,0.044937515646443105,Rebalance
1314,2023-01-03,Risk-Parity,INTC,0.013689855689559957,Rebalance
1315,2023-01-03,Risk-Parity,GE,0.015359972522226635,Rebalance
1316,2023-01-03,Risk-Parity,MS,0.015456402848005046,Rebalance
1317,2023-01-03,Risk-Parity,RTX,0.022417215081506164,Rebalance
1318,2023-01-03,Risk-Parity,TXN,0.01574999103346691,Rebalance
1319,2023-01-03,Risk-Parity,IBM,0.02553871984300224,Rebalance
1320,2023-01-03,Risk-Parity,SPGI,0.018264699987438734,Rebalance
1321,2023-01-03,Risk-Parity,LMT,0.04136467502635642,Rebalance
1322,2023-01-03,Risk-Parity,ADP,0.017594253571406406,Rebalance
1323,2023-01-03,Risk-Parity,COF,0.012168894049186934,Rebalance
1324,2023-01-03,Risk-Parity,WDC,0.01138816555529626,Rebalance
1325,2023-01-03,Risk-Parity,ABT,0.019339608887959596,Rebalance
1326,2023-01-03,Risk-Parity,GILD,0.027731631400295997,Rebalance
1327,2023-01-03,Risk-Parity,UNP,0.022536349114752642,Rebalance
1328,2023-01-03,Risk-Parity,ADI,0.013401926425766018,Rebalance
1329,2023-01-03,Risk-Parity,TMUS,0.02242288650439589,Rebalance
1330,2023-01-03,Risk-Parity,MMM,0.020537848013896152,Rebalance
1331,2023-01-03,Risk-Parity,ADBE,0.012718433524434728,Rebalance
1332,2023-01-03,Risk-Parity,AXP,0.014353864060640022,Rebalance
1333,2023-01-03,Risk-Parity,BA,0.0134541288080456,Rebalance
1334,2023-01-03,Risk-Parity,CVX,0.025420281496598127,Rebalance
1335,2023-01-03,Risk-Parity,CSCO,0.018815483381650698,Rebalance
1336,2023-01-03,Risk-Parity,DD,0.014862329498664893,Rebalance
1337,2023-01-03,Risk-Parity,XOM,0.02577406018627781,Rebalance
1338,2023-01-03,Risk-Parity,FDX,0.01562692645451846,Rebalance
1339,2023-01-03,Risk-Parity,GS,0.016828013701014347,Rebalance
1340,2023-01-03,Risk-Parity,GM,0.012050595349027264,Rebalance
1341,2023-01-03,Risk-Parity,HAS,0.018429694995978324,Rebalance
1342,2023-01-03,Risk-Parity,JBL,0.013702565031362083,Rebalance
1343,2023-01-03,Risk-Parity,KMB,0.03663644455079039,Rebalance
1344,2023-01-03,Risk-Parity,KLAC,0.01056582150421359,Rebalance
1345,2023-01-03,Risk-Parity,LOW,0.016871602274964453,Rebalance
1346,2023-01-03,Risk-Parity,MKC,0.029290983680962546,Rebalance
1347,2023-01-03,Risk-Parity,NEM,0.029150802357631737,Rebalance
1348,2023-01-03,Risk-Parity,OLN,0.01421540606164706,Rebalance
1349,2023-01-03,Risk-Parity,PH,0.014694933881218002,Rebalance
1350,2024-01-02,Risk-Parity,PPG,0.013602915998769201,Rebalance
1351,2024-01-02,Risk-Parity,DELL,0.016196235945832024,Rebalance
1352,2024-01-02,Risk-Parity,QCOM,0.012619433330230691,Rebalance
1353,2024-01-02,Risk-Parity,AMAT,0.01262535833068319,Rebalance
1354,2024-01-02,Risk-Parity,MRK,0.04008282207900106,Rebalance
1355,2024-01-02,Risk-Parity,AME,0.018750210770722326,Rebalance
1356,2024-01-02,Risk-Parity,PG,0.034350045888535984,Rebalance
1357,2024-01-02,Risk-Parity,CL,0.037864567067752,Rebalance
1358,2024-01-02,Risk-Parity,V,0.02366107658720438,Rebalance
1359,2024-01-02,Risk-Parity,MA,0.021031036342051584,Rebalance
1360,2024-01-02,Risk-Parity,MU,0.013786399129031946,Rebalance
1361,2024-01-02,Risk-Parity,T,0.025503538576778634,Rebalance
1362,2024-01-02,Risk-Parity,JPM,0.01836333117124682,Rebalance
1363,2024-01-02,Risk-Parity,JNJ,0.035845504170876265,Rebalance
1364,2024-01-02,Risk-Parity,INTC,0.013331155766562809,Rebalance
1365,2024-01-02,Risk-Parity,GE,0.018516236819732444,Rebalance
1366,2024-01-02,Risk-Parity,MS,0.014372591910910074,Rebalance
1367,2024-01-02,Risk-Parity,RTX,0.023075389543469507,Rebalance
1368,2024-01-02,Risk-Parity,TXN,0.013932225147835386,Rebalance
1369,2024-01-02,Risk-Parity,IBM,0.027320568809804022,Rebalance
1370,2024-01-02,Risk-Parity,SPGI,0.015290681850255054,Rebalance
1371,2024-01-02,Risk-Parity,LMT,0.03661945386175178,Rebalance
1372,2024-01-02,Risk-Parity,ADP,0.01983576011966826,Rebalance
1373,2024-01-02,Risk-Parity,COF,0.012235213408240981,Rebalance
1374,2024-01-02,Risk-Parity,WDC,0.012725161097555502,Rebalance
1375,2024-01-02,Risk-Parity,ABT,0.025003828833512973,Rebalance
1376,2024-01-02,Risk-Parity,GILD,0.02472342180832035,Rebalance
1377,2024-01-02,Risk-Parity,UNP,0.017890039413021298,Rebalance
1378,2024-01-02,Risk-Parity,ADI,0.014529395653970873,Rebalance
1379,2024-01-02,Risk-Parity,TMUS,0.03641299750698389,Rebalance
1380,2024-01-02,Risk-Parity,MMM,0.013230529778891827,Rebalance
1381,2024-01-02,Risk-Parity,ADBE,0.013945875501276779,Rebalance
1382,2024-01-02,Risk-Parity,AXP,0.014787527320564708,Rebalance
1383,2024-01-02,Risk-Parity,BA,0.0153897656007695,Rebalance
1384,2024-01-02,Risk-Parity,CVX,0.022014779688644178,Rebalance
1385,2024-01-02,Risk-Parity,CSCO,0.022737390901325753,Rebalance
1386,2024-01-02,Risk-Parity,DD,0.015249944179397344,Rebalance
1387,2024-01-02,Risk-Parity,XOM,0.021032988658266697,Rebalance
1388,2024-01-02,Risk-Parity,FDX,0.017035816043486317,Rebalance
1389,2024-01-02,Risk-Parity,GS,0.015064197115632309,Rebalance
1390,2024-01-02,Risk-Parity,GM,0.011581785284074471,Rebalance
1391,2024-01-02,Risk-Parity,HAS,0.012304430266579887,Rebalance
1392,2024-01-02,Risk-Parity,JBL,0.01599365928215599,Rebalance
1393,2024-01-02,Risk-Parity,KMB,0.03852736121394201,Rebalance
1394,2024-01-02,Risk-Parity,KLAC,0.011730548289530188,Rebalance
1395,2024-01-02,Risk-Parity,LOW,0.015763992284067118,Rebalance
1396,2024-01-02,Risk-Parity,MKC,0.02589078252871409,Rebalance
1397,2024-01-02,Risk-Parity,NEM,0.02255325898644778,Rebalance
1398,2024-01-02,Risk-Parity,OLN,0.011861591657245887,Rebalance
1399,2024-01-02,Risk-Parity,PH,0.013207178478676005,Rebalance
1400,2025-01-02,Risk-Parity,PPG,0.018041788100361476,Rebalance
1401,2025-01-02,Risk-Parity,DELL,0.010577471220054355,Rebalance
1402,2025-01-02,Risk-Parity,QCOM,0.012121965523654275,Rebalance
1403,2025-01-02,Risk-Parity,AMAT,0.011079528220474337,Rebalance
1404,2025-01-02,Risk-Parity,MRK,0.03648470928491008,Rebalance
1405,2025-01-02,Risk-Parity,AME,0.019586400634561008,Rebalance
1406,2025-01-02,Risk-Parity,PG,0.04556475076309547,Rebalance
1407,2025-01-02,Risk-Parity,CL,0.043639231362225236,Rebalance
1408,2025-01-02,Risk-Parity,V,0.02276790104615619,Rebalance
1409,2025-01-02,Risk-Parity,MA,0.0216936378248669,Rebalance
1410,2025-01-02,Risk-Parity,MU,0.009876279024356628,Rebalance
1411,2025-01-02,Risk-Parity,T,0.03338066984576831,Rebalance
1412,2025-01-02,Risk-Parity,JPM,0.01475219787742806,Rebalance
1413,2025-01-02,Risk-Parity,JNJ,0.03787656719226588,Rebalance
1414,2025-01-02,Risk-Parity,INTC,0.007392553470608435,Rebalance
1415,2025-01-02,Risk-Parity,GE,0.014212135902866041,Rebalance
1416,2025-01-02,Risk-Parity,MS,0.011852910244673394,Rebalance
1417,2025-01-02,Risk-Parity,RTX,0.02775150497468347,Rebalance
1418,2025-01-02,Risk-Parity,TXN,0.011554736266554443,Rebalance
1419,2025-01-02,Risk-Parity,IBM,0.016343385927699378,Rebalance
1420,2025-01-02,Risk-Parity,SPGI,0.02222628351461689,Rebalance
1421,2025-01-02,Risk-Parity,LMT,0.04044410564758493,Rebalance
1422,2025-01-02,Risk-Parity,ADP,0.024681690073196778,Rebalance
1423,2025-01-02,Risk-Parity,COF,0.012075160268329811,Rebalance
1424,2025-01-02,Risk-Parity,WDC,0.011969828936183166,Rebalance
1425,2025-01-02,Risk-Parity,ABT,0.027528702759172293,Rebalance
1426,2025-01-02,Risk-Parity,GILD,0.026568146507434273,Rebalance
1427,2025-01-02,Risk-Parity,UNP,0.017104675240025364,Rebalance
1428,2025-01-02,Risk-Parity,ADI,0.010382587165805438,Rebalance
1429,2025-01-02,Risk-Parity,TMUS,0.033786864692122734,Rebalance
1430,2025-01-02,Risk-Parity,MMM,0.014980532498959333,Rebalance
1431,2025-01-02,Risk-Parity,ADBE,0.017941372396617906,Rebalance
1432,2025-01-02,Risk-Parity,AXP,0.013756401727119697,Rebalance
1433,2025-01-02,Risk-Parity,BA,0.019295143227087835,Rebalance
1434,2025-01-02,Risk-Parity,CVX,0.023135204152232764,Rebalance
1435,2025-01-02,Risk-Parity,CSCO,0.019206096046033933,Rebalance
1436,2025-01-02,Risk-Parity,DD,0.015821176147946772,Rebalance
1437,2025-01-02,Risk-Parity,XOM,0.02778204074035229,Rebalance
1438,2025-01-02,Risk-Parity,FDX,0.019346071634063516,Rebalance
1439,2025-01-02,Risk-Parity,GS,0.011657183377811655,Rebalance
1440,2025-01-02,Risk-Parity,GM,0.012469494328791507,Rebalance
1441,2025-01-02,Risk-Parity,HAS,0.01742458629140375,Rebalance
1442,2025-01-02,Risk-Parity,JBL,0.012628282571834577,Rebalance
1443,2025-01-02,Risk-Parity,KMB,0.02808763492749637,Rebalance
1444,2025-01-02,Risk-Parity,KLAC,0.010536086259226293,Rebalance
1445,2025-01-02,Risk-Parity,LOW,0.01523921489601702,Rebalance
1446,2025-01-02,Risk-Parity,MKC,0.03063949486195579,Rebalance
1447,2025-01-02,Risk-Parity,NEM,0.01396014620506735,Rebalance
1448,2025-01-02,Risk-Parity,OLN,0.011492706062552592,Rebalance
1449,2025-01-02,Risk-Parity,PH,0.011282762135693993,Rebalance
1450,2026-01-02,Risk-Parity,PPG,0.014231606516868195,Rebalance
1451,2026-01-02,Risk-Parity,DELL,0.011610876606646453,Rebalance
1452,2026-01-02,Risk-Parity,QCOM,0.011549866158607867,Rebalance
1453,2026-01-02,Risk-Parity,AMAT,0.011999722403580859,Rebalance
1454,2026-01-02,Risk-Parity,MRK,0.02343782566526154,Rebalance
1455,2026-01-02,Risk-Parity,AME,0.01938365491925068,Rebalance
1456,2026-01-02,Risk-Parity,PG,0.03669789699423675,Rebalance
1457,2026-01-02,Risk-Parity,CL,0.040099501656396516,Rebalance
1458,2026-01-02,Risk-Parity,V,0.018716369379545898,Rebalance
1459,2026-01-02,Risk-Parity,MA,0.018060356388651545,Rebalance
1460,2026-01-02,Risk-Parity,MU,0.009397917194406231,Rebalance
1461,2026-01-02,Risk-Parity,T,0.04061074201214752,Rebalance
1462,2026-01-02,Risk-Parity,JPM,0.01779397065910249,Rebalance
1463,2026-01-02,Risk-Parity,JNJ,0.045424088000364043,Rebalance
1464,2026-01-02,Risk-Parity,INTC,0.010750469876296308,Rebalance
1465,2026-01-02,Risk-Parity,GE,0.016235198166729334,Rebalance
1466,2026-01-02,Risk-Parity,MS,0.014061159307540063,Rebalance
1467,2026-01-02,Risk-Parity,RTX,0.024448461323962698,Rebalance
1468,2026-01-02,Risk-Parity,TXN,0.012192517331869698,Rebalance
1469,2026-01-02,Risk-Parity,IBM,0.02076941793379177,Rebalance
1470,2026-01-02,Risk-Parity,SPGI,0.01996143385580008,Rebalance
1471,2026-01-02,Risk-Parity,LMT,0.03843759248287195,Rebalance
1472,2026-01-02,Risk-Parity,ADP,0.023252018494108413,Rebalance
1473,2026-01-02,Risk-Parity,COF,0.012163267422161266,Rebalance
1474,2026-01-02,Risk-Parity,WDC,0.012214860110918838,Rebalance
1475,2026-01-02,Risk-Parity,ABT,0.03155780408676685,Rebalance
1476,2026-01-02,Risk-Parity,GILD,0.02645623464224284,Rebalance
1477,2026-01-02,Risk-Parity,UNP,0.019775881308232827,Rebalance
1478,2026-01-02,Risk-Parity,ADI,0.010656698971741022,Rebalance
1479,2026-01-02,Risk-Parity,TMUS,0.03302936639914499,Rebalance
1480,2026-01-02,Risk-Parity,MMM,0.014224214574001628,Rebalance
1481,2026-01-02,Risk-Parity,ADBE,0.01932597291685648,Rebalance
1482,2026-01-02,Risk-Parity,AXP,0.012873244543298598,Rebalance
1483,2026-01-02,Risk-Parity,BA,0.014388512490559092,Rebalance
1484,2026-01-02,Risk-Parity,CVX,0.02202949478545768,Rebalance
1485,2026-01-02,Risk-Parity,CSCO,0.02045014528499614,Rebalance
1486,2026-01-02,Risk-Parity,DD,0.011625270846524127,Rebalance
1487,2026-01-02,Risk-Parity,XOM,0.025604175027302573,Rebalance
1488,2026-01-02,Risk-Parity,FDX,0.014860752115970582,Rebalance
1489,2026-01-02,Risk-Parity,GS,0.013497828969385298,Rebalance
1490,2026-01-02,Risk-Parity,GM,0.01694643627646261,Rebalance
1491,2026-01-02,Risk-Parity,HAS,0.014085747761183045,Rebalance
1492,2026-01-02,Risk-Parity,JBL,0.014147591035156391,Rebalance
1493,2026-01-02,Risk-Parity,KMB,0.03522996329238148,Rebalance
1494,2026-01-02,Risk-Parity,KLAC,0.011615480737982157,Rebalance
1495,2026-01-02,Risk-Parity,LOW,0.021264552461600198,Rebalance
1496,2026-01-02,Risk-Parity,MKC,0.025774485331295345,Rebalance
1497,2026-01-02,Risk-Parity,NEM,0.025610532705397312,Rebalance
1498,2026-01-02,Risk-Parity,OLN,0.008224569843678206,Rebalance
1499,2026-01-02,Risk-Parity,PH,0.013244252731265577,Rebalance
