,Model,Ticker,Mean,Std,Minimum,Maximum,Range,Coefficient of Variation
0,Black-Litterman,ABT,0.007175756934861302,0.0069978395544538444,0.0,0.02658,0.02658,0.9752057682523918
1,Black-Litterman,ADBE,0.12296313308733824,0.023122512240814286,0.09329,0.17568648627027458,0.08239648627027459,0.18804426709256694
2,Black-Litterman,ADI,0.0,0.0,0.0,0.0,0.0,
3,Black-Litterman,ADP,0.0,0.0,0.0,0.0,0.0,
4,Black-Litterman,AMAT,0.0005141666666666667,0.0017811255804499955,0.0,0.00617,0.00617,3.4641016151377544
5,Black-Litterman,AME,0.0,0.0,0.0,0.0,0.0,
6,Black-Litterman,AXP,0.0,0.0,0.0,0.0,0.0,
7,Black-Litterman,BA,0.008688994620107597,0.016984126946659024,0.0,0.0621887562248755,0.0621887562248755,1.9546711316123138
8,Black-Litterman,CL,0.005049166666666666,0.01749082640509971,0.0,0.06059,0.06059,3.464101615137755
9,Black-Litterman,COF,0.0,0.0,0.0,0.0,0.0,
10,Black-Litterman,CSCO,0.0,0.0,0.0,0.0,0.0,
11,Black-Litterman,CVX,0.0,0.0,0.0,0.0,0.0,
12,Black-Litterman,DD,0.0,0.0,0.0,0.0,0.0,
13,Black-Litterman,DELL,0.024506221208909152,0.014896763170213238,0.0,0.03340933181336373,0.03340933181336373,0.6078767935383514
14,Black-Litterman,FDX,0.0,0.0,0.0,0.0,0.0,
15,Black-Litterman,GE,0.15114841028179435,0.029581721231593736,0.08583,0.19817603647927037,0.11234603647927037,0.19571308210548094
16,Black-Litterman,GILD,0.019213118137637247,0.011611205950127603,0.0,0.04307,0.04307,0.6043374046288721
17,Black-Litterman,GM,0.0,0.0,0.0,0.0,0.0,
18,Black-Litterman,GS,0.0,0.0,0.0,0.0,0.0,
19,Black-Litterman,HAS,0.0,0.0,0.0,0.0,0.0,
20,Black-Litterman,IBM,0.0,0.0,0.0,0.0,0.0,
21,Black-Litterman,INTC,0.016944772804543907,0.01268133195722991,0.0,0.05148,0.05148,0.7483919733541241
22,Black-Litterman,JBL,0.0,0.0,0.0,0.0,0.0,
23,Black-Litterman,JNJ,0.006519166666666667,0.02050628394079742,0.0,0.07133,0.07133,3.1455376107576254
24,Black-Litterman,JPM,0.0070975,0.016629319192864804,0.0,0.0457,0.0457,2.342982626680494
25,Black-Litterman,KLAC,0.007785786767597981,0.01986804370684172,0.0,0.06549,0.06549,2.551835068168875
26,Black-Litterman,KMB,0.07049309868802624,0.036278359548351805,0.0,0.13209,0.13209,0.514637038568911
27,Black-Litterman,LMT,0.00407,0.009614112732663563,0.0,0.0278,0.0278,2.362189860605298
28,Black-Litterman,LOW,0.01988556067211989,0.018681976730820008,0.0,0.07233,0.07233,0.9394744779317517
29,Black-Litterman,MA,0.099138331216709,0.06080930113130386,0.01464,0.2737645247095058,0.2591245247095058,0.6133783006532485
30,Black-Litterman,MKC,0.03811776867795977,0.01897268041201238,0.0,0.06178,0.06178,0.4977384844402672
31,Black-Litterman,MMM,0.0,0.0,0.0,0.0,0.0,
32,Black-Litterman,MRK,0.01984223080538389,0.01548967803043426,0.0,0.06248,0.06248,0.7806419642206445
33,Black-Litterman,MS,0.0,0.0,0.0,0.0,0.0,
34,Black-Litterman,MU,0.05835579691739498,0.039990764985989656,0.0,0.15595,0.15595,0.68529207205581
35,Black-Litterman,NEM,0.042517707745845075,0.01350357556000553,0.0,0.04834,0.04834,0.31759886117861397
36,Black-Litterman,OLN,0.0,0.0,0.0,0.0,0.0,
37,Black-Litterman,PG,0.0,0.0,0.0,0.0,0.0,
38,Black-Litterman,PH,0.0,0.0,0.0,0.0,0.0,
39,Black-Litterman,PPG,0.0,0.0,0.0,0.0,0.0,
40,Black-Litterman,QCOM,0.017913006223208867,0.0074533663466505445,0.0,0.02346953060938781,0.02346953060938781,0.4160868507371834
41,Black-Litterman,RTX,0.0,0.0,0.0,0.0,0.0,
42,Black-Litterman,SPGI,0.0660839596374739,0.015836130418245026,0.03318933621327573,0.07822,0.04503066378672427,0.23963652458356793
43,Black-Litterman,T,0.0,0.0,0.0,0.0,0.0,
44,Black-Litterman,TMUS,0.03428445564422044,0.012621943077141921,0.002699946001079978,0.04322,0.04052005399892002,0.3681535214711711
45,Black-Litterman,TXN,0.0,0.0,0.0,0.0,0.0,
46,Black-Litterman,UNP,0.0,0.0,0.0,0.0,0.0,
47,Black-Litterman,V,0.15026105659553474,0.02845826603567765,0.09014819703605927,0.19928,0.10913180296394075,0.1893921597548738
48,Black-Litterman,WDC,0.0005908333333333333,0.0020467067042772235,0.0,0.00709,0.00709,3.4641016151377553
49,Black-Litterman,XOM,0.0008408333333333333,0.0029127321080616624,0.0,0.01009,0.01009,3.4641016151377553
50,Equal-Weight,ABT,0.02,0.0,0.02,0.02,0.0,0.0
51,Equal-Weight,ADBE,0.02,0.0,0.02,0.02,0.0,0.0
52,Equal-Weight,ADI,0.02,0.0,0.02,0.02,0.0,0.0
53,Equal-Weight,ADP,0.02,0.0,0.02,0.02,0.0,0.0
54,Equal-Weight,AMAT,0.02,0.0,0.02,0.02,0.0,0.0
55,Equal-Weight,AME,0.02,0.0,0.02,0.02,0.0,0.0
56,Equal-Weight,AXP,0.02,0.0,0.02,0.02,0.0,0.0
57,Equal-Weight,BA,0.02,0.0,0.02,0.02,0.0,0.0
58,Equal-Weight,CL,0.02,0.0,0.02,0.02,0.0,0.0
59,Equal-Weight,COF,0.02,0.0,0.02,0.02,0.0,0.0
60,Equal-Weight,CSCO,0.02,0.0,0.02,0.02,0.0,0.0
61,Equal-Weight,CVX,0.02,0.0,0.02,0.02,0.0,0.0
62,Equal-Weight,DD,0.02,0.0,0.02,0.02,0.0,0.0
63,Equal-Weight,DELL,0.02,0.0,0.02,0.02,0.0,0.0
64,Equal-Weight,FDX,0.02,0.0,0.02,0.02,0.0,0.0
65,Equal-Weight,GE,0.02,0.0,0.02,0.02,0.0,0.0
66,Equal-Weight,GILD,0.02,0.0,0.02,0.02,0.0,0.0
67,Equal-Weight,GM,0.02,0.0,0.02,0.02,0.0,0.0
68,Equal-Weight,GS,0.02,0.0,0.02,0.02,0.0,0.0
69,Equal-Weight,HAS,0.02,0.0,0.02,0.02,0.0,0.0
70,Equal-Weight,IBM,0.02,0.0,0.02,0.02,0.0,0.0
71,Equal-Weight,INTC,0.02,0.0,0.02,0.02,0.0,0.0
72,Equal-Weight,JBL,0.02,0.0,0.02,0.02,0.0,0.0
73,Equal-Weight,JNJ,0.02,0.0,0.02,0.02,0.0,0.0
74,Equal-Weight,JPM,0.02,0.0,0.02,0.02,0.0,0.0
75,Equal-Weight,KLAC,0.02,0.0,0.02,0.02,0.0,0.0
76,Equal-Weight,KMB,0.02,0.0,0.02,0.02,0.0,0.0
77,Equal-Weight,LMT,0.02,0.0,0.02,0.02,0.0,0.0
78,Equal-Weight,LOW,0.02,0.0,0.02,0.02,0.0,0.0
79,Equal-Weight,MA,0.02,0.0,0.02,0.02,0.0,0.0
80,Equal-Weight,MKC,0.02,0.0,0.02,0.02,0.0,0.0
81,Equal-Weight,MMM,0.02,0.0,0.02,0.02,0.0,0.0
82,Equal-Weight,MRK,0.02,0.0,0.02,0.02,0.0,0.0
83,Equal-Weight,MS,0.02,0.0,0.02,0.02,0.0,0.0
84,Equal-Weight,MU,0.02,0.0,0.02,0.02,0.0,0.0
85,Equal-Weight,NEM,0.02,0.0,0.02,0.02,0.0,0.0
86,Equal-Weight,OLN,0.02,0.0,0.02,0.02,0.0,0.0
87,Equal-Weight,PG,0.02,0.0,0.02,0.02,0.0,0.0
88,Equal-Weight,PH,0.02,0.0,0.02,0.02,0.0,0.0
89,Equal-Weight,PPG,0.02,0.0,0.02,0.02,0.0,0.0
90,Equal-Weight,QCOM,0.02,0.0,0.02,0.02,0.0,0.0
91,Equal-Weight,RTX,0.02,0.0,0.02,0.02,0.0,0.0
92,Equal-Weight,SPGI,0.02,0.0,0.02,0.02,0.0,0.0
93,Equal-Weight,T,0.02,0.0,0.02,0.02,0.0,0.0
94,Equal-Weight,TMUS,0.02,0.0,0.02,0.02,0.0,0.0
95,Equal-Weight,TXN,0.02,0.0,0.02,0.02,0.0,0.0
96,Equal-Weight,UNP,0.02,0.0,0.02,0.02,0.0,0.0
97,Equal-Weight,V,0.02,0.0,0.02,0.02,0.0,0.0
98,Equal-Weight,WDC,0.02,0.0,0.02,0.02,0.0,0.0
99,Equal-Weight,XOM,0.02,0.0,0.02,0.02,0.0,0.0
100,Markowitz,ABT,0.0059099999999999995,0.020472840545464128,0.0,0.07092,0.07092,3.4641016151377544
101,Markowitz,ADBE,0.0,0.0,0.0,0.0,0.0,
102,Markowitz,ADI,0.0,0.0,0.0,0.0,0.0,
103,Markowitz,ADP,0.0,0.0,0.0,0.0,0.0,
104,Markowitz,AMAT,0.18694,0.045461623376206,0.15767,0.3,0.14232999999999998,0.24318831377022576
105,Markowitz,AME,0.0,0.0,0.0,0.0,0.0,
106,Markowitz,AXP,0.0,0.0,0.0,0.0,0.0,
107,Markowitz,BA,0.0,0.0,0.0,0.0,0.0,
108,Markowitz,CL,0.0012291666666666666,0.00425795823527349,0.0,0.01475,0.01475,3.464101615137755
109,Markowitz,COF,0.013835,0.04792584584543083,0.0,0.16602,0.16602,3.4641016151377544
110,Markowitz,CSCO,0.0,0.0,0.0,0.0,0.0,
111,Markowitz,CVX,0.0,0.0,0.0,0.0,0.0,
112,Markowitz,DD,0.0,0.0,0.0,0.0,0.0,
113,Markowitz,DELL,0.24481,0.11865594464669689,0.0,0.33772,0.33772,0.48468585697764344
114,Markowitz,FDX,0.07672166666666666,0.03721689788091947,0.0,0.12335,0.12335,0.48508979924297096
115,Markowitz,GE,0.0045516666666666665,0.015767435851568683,0.0,0.05462,0.05462,3.4641016151377557
116,Markowitz,GILD,0.0,0.0,0.0,0.0,0.0,
117,Markowitz,GM,0.13764583333333333,0.06440459222169195,0.0,0.17569,0.17569,0.4679007759408527
118,Markowitz,GS,0.008831666666666666,0.030593790764358274,0.0,0.10598,0.10598,3.4641016151377553
119,Markowitz,HAS,0.0,0.0,0.0,0.0,0.0,
120,Markowitz,IBM,0.0,0.0,0.0,0.0,0.0,
121,Markowitz,INTC,0.0,0.0,0.0,0.0,0.0,
122,Markowitz,JBL,0.0,0.0,0.0,0.0,0.0,
123,Markowitz,JNJ,0.0,0.0,0.0,0.0,0.0,
124,Markowitz,JPM,0.0,0.0,0.0,0.0,0.0,
125,Markowitz,KLAC,0.006365,0.02204900678035181,0.0,0.07638,0.07638,3.464101615137755
126,Markowitz,KMB,0.011051666666666666,0.038284096349964075,0.0,0.13262,0.13262,3.464101615137754
127,Markowitz,LMT,0.0,0.0,0.0,0.0,0.0,
128,Markowitz,LOW,0.17942333333333335,0.08410910050570501,0.0,0.22492,0.22492,0.4687745954950397
129,Markowitz,MA,0.0,0.0,0.0,0.0,0.0,
130,Markowitz,MKC,0.0,0.0,0.0,0.0,0.0,
131,Markowitz,MMM,0.0,0.0,0.0,0.0,0.0,
132,Markowitz,MRK,0.0,0.0,0.0,0.0,0.0,
133,Markowitz,MS,0.024385,0.013988151804619898,0.0,0.05182,0.05182,0.5736375560639695
134,Markowitz,MU,0.0,0.0,0.0,0.0,0.0,
135,Markowitz,NEM,0.024999999999999998,0.08660254037844387,0.0,0.3,0.3,3.464101615137755
136,Markowitz,OLN,0.050852499999999995,0.06859182924107188,0.0,0.26635,0.26635,1.3488388818852934
137,Markowitz,PG,0.0,0.0,0.0,0.0,0.0,
138,Markowitz,PH,0.00079,0.002736640275958826,0.0,0.00948,0.00948,3.4641016151377544
139,Markowitz,PPG,0.0006016666666666667,0.0020842344717745486,0.0,0.00722,0.00722,3.464101615137754
140,Markowitz,QCOM,0.0,0.0,0.0,0.0,0.0,
141,Markowitz,RTX,0.0,0.0,0.0,0.0,0.0,
142,Markowitz,SPGI,0.0,0.0,0.0,0.0,0.0,
143,Markowitz,T,0.0,0.0,0.0,0.0,0.0,
144,Markowitz,TMUS,0.02105833333333333,0.07294820651210919,0.0,0.2527,0.2527,3.4641016151377535
145,Markowitz,TXN,0.0,0.0,0.0,0.0,0.0,
146,Markowitz,UNP,0.0,0.0,0.0,0.0,0.0,
147,Markowitz,V,0.0,0.0,0.0,0.0,0.0,
148,Markowitz,WDC,0.0,0.0,0.0,0.0,0.0,
149,Markowitz,XOM,0.0,0.0,0.0,0.0,0.0,
150,Risk-Parity,ABT,0.028523772559502017,0.002032044941011388,0.02461687812924259,0.03399308103597481,0.009376202906732217,0.07124039910122129
151,Risk-Parity,ADBE,0.024504956545457212,0.001315836528089155,0.020375500261963102,0.024943826415417675,0.004568326153454573,0.05369675011046236
152,Risk-Parity,ADI,0.015030024321709544,0.0004300926765127753,0.014134731304019658,0.01613848416191254,0.0020037528578928827,0.028615567567082667
153,Risk-Parity,ADP,0.02006965281405762,0.0019504088865403668,0.01855071226098403,0.02618710579795815,0.00763639353697412,0.09718199435788043
154,Risk-Parity,AMAT,0.011903340576110253,0.0008877020328978009,0.00937507647423405,0.013374495401490107,0.003999418927256058,0.0745758744968954
155,Risk-Parity,AME,0.016780210233255197,0.0007262867084503971,0.014475863051654693,0.017083463736756323,0.00260760068510163,0.04328233665458103
156,Risk-Parity,AXP,0.012343909811881213,0.0004147151591252228,0.012199320291734823,0.0136314402387428,0.0014321199470079763,0.03359674247830721
157,Risk-Parity,BA,0.009292074855264645,0.0008606685091030402,0.008954878392627492,0.01179235620543794,0.002837477812810447,0.09262393195373454
158,Risk-Parity,CL,0.04230740625135299,0.003240601368262685,0.03204287222378589,0.04331300692031018,0.01127013469652429,0.07659655023543427
159,Risk-Parity,COF,0.011121396805637618,0.0008864362258446447,0.010756173398914295,0.013513275625817854,0.0027571022269035593,0.07970547597000548
160,Risk-Parity,CSCO,0.01939471912959856,0.0006469914592252045,0.017408069878153003,0.020096689325182198,0.0026886194470291946,0.033359155907435725
161,Risk-Parity,CVX,0.013621604579256485,0.00044478015806060907,0.012702814568046296,0.014773351641585029,0.002070537073538733,0.03265255245611356
162,Risk-Parity,DD,0.01434240231363731,0.0006768431355514067,0.013293429437432084,0.01630589516030664,0.003012465722874556,0.04719175496198696
163,Risk-Parity,DELL,0.01816098163608499,0.0007304661478051007,0.015877353381212087,0.01840907479015111,0.002531721408939022,0.040221732637717104
164,Risk-Parity,FDX,0.015204636428448165,0.0010997102075542187,0.014737623365755955,0.017869031290446025,0.0031314079246900703,0.07232729389679057
165,Risk-Parity,GE,0.01332348633031581,0.0012002958022810661,0.01282955436701264,0.01657086173763515,0.0037413073706225094,0.09008871796190113
166,Risk-Parity,GILD,0.03192808700631148,0.0019384288709677375,0.030123335012783727,0.03795260360713304,0.007829268594349313,0.06071233990888814
167,Risk-Parity,GM,0.01259336569936028,0.0007989732594050541,0.01176457062125363,0.015056671820265826,0.003292101199012196,0.06344398141678999
168,Risk-Parity,GS,0.015242636850787339,0.0007148287851150776,0.014973776858124222,0.017388073622966245,0.002414296764842023,0.046896661785795546
169,Risk-Parity,HAS,0.021167422704689586,0.004573018297520072,0.018522119309277982,0.035627087828261086,0.017104968518983105,0.21604039194185562
170,Risk-Parity,IBM,0.01752474515476712,0.0006943985643707549,0.01728273155474373,0.01968081740234412,0.0023980858476003904,0.039623889433956366
171,Risk-Parity,INTC,0.016431625358112777,0.0009491791010895515,0.013431398553083472,0.01699149724722244,0.0035600986941389696,0.05776538111130399
172,Risk-Parity,JBL,0.011605788079368018,0.0008094017760904818,0.011098627900088885,0.014161121841615035,0.00306249394152615,0.06974121624100489
173,Risk-Parity,JNJ,0.03412246206874096,0.0021367610225795607,0.028220319871488497,0.0349923384524694,0.0067720185809809035,0.06262036479885234
174,Risk-Parity,JPM,0.015234336803733844,0.0001932243788543913,0.015151701254201606,0.015669585161157892,0.0005178839069562863,0.012683478207402713
175,Risk-Parity,KLAC,0.012668536799009018,0.0006947553934634483,0.010612259308636617,0.013651409486442442,0.0030391501778058248,0.054841013171923275
176,Risk-Parity,KMB,0.05525848029910262,0.005785003405540082,0.036937779203492276,0.05826134914493875,0.021323569941446477,0.1046898751870675
177,Risk-Parity,LMT,0.025458597786193735,0.00119897259275005,0.024247741615348612,0.029163296218058982,0.00491555460271037,0.047094997250801296
178,Risk-Parity,LOW,0.022664547543216885,0.0016146915936156164,0.017553092570564897,0.023169380326886896,0.005616287756321999,0.07124305440188972
179,Risk-Parity,MA,0.015370326288912292,0.0009015288367022353,0.012715991233846822,0.016679466110001675,0.003963474876154853,0.058653851568041995
180,Risk-Parity,MKC,0.036709786398990085,0.0018937421878574357,0.030698533601229646,0.03741773290053881,0.006719199299309166,0.05158684845710609
181,Risk-Parity,MMM,0.022706013018551238,0.0031590178003709705,0.02163033921714158,0.032575978649925945,0.010945639432784364,0.13912692632519827
182,Risk-Parity,MRK,0.03189624756729037,0.0005900509633790999,0.030106048520434695,0.03211406332843486,0.0020080148080001657,0.018499071470218887
183,Risk-Parity,MS,0.013861158830703343,0.0002362095650051628,0.013769813463829573,0.014555694392457243,0.0007858809286276705,0.017041112355046656
184,Risk-Parity,MU,0.011922752973350976,0.000869783435494977,0.009996506778497123,0.014069026457159245,0.004072519678662121,0.07295156055309247
185,Risk-Parity,NEM,0.036248688717215,0.005574052184519769,0.021290557771196005,0.047032108035671656,0.02574155026447565,0.15377251927660973
186,Risk-Parity,OLN,0.009645282653801417,0.0011127183657972917,0.008015080410740899,0.012915313340459545,0.004900232929718647,0.11536399769049226
187,Risk-Parity,PG,0.03664256975232643,0.002711879294210339,0.030321221582102386,0.037799592416640715,0.007478370834538329,0.07400898224497922
188,Risk-Parity,PH,0.012821720550866417,0.00047638807329422085,0.011391029839565322,0.013441167018677832,0.00205013717911251,0.03715476962739055
189,Risk-Parity,PPG,0.016242727945343555,0.0011889135702343662,0.015865521817698673,0.020001137082749004,0.004135615265050331,0.0731966683327478
190,Risk-Parity,QCOM,0.015429777705871043,0.0009555364930476971,0.012943117644252869,0.017387347099129785,0.004444229454876917,0.061928079021132926
191,Risk-Parity,RTX,0.012743505062009245,0.0009878879356492202,0.011262133542679848,0.01563188182971757,0.004369748287037721,0.07752089639720061
192,Risk-Parity,SPGI,0.023686578515658793,0.0020112011248117124,0.01898163932680712,0.028414973784597435,0.009433334457790314,0.0849088914839322
193,Risk-Parity,T,0.02604041233594856,0.0020112937751661114,0.024926468956388302,0.03240445979149932,0.007477990835111019,0.0772374012061836
194,Risk-Parity,TMUS,0.023160439404945766,0.0005864311274044652,0.022928281065205516,0.02484519028928109,0.001916909224075572,0.025320380030408082
195,Risk-Parity,TXN,0.016005582914565865,0.0008412210611927029,0.013969682039859025,0.0179128412478172,0.003943159207958175,0.05255797715603038
196,Risk-Parity,UNP,0.017927171085143186,0.0008049459714815679,0.015538015115543249,0.01904907036201576,0.00351105524647251,0.044900891928713285
197,Risk-Parity,V,0.018407831191104757,0.0008598576176086123,0.015681069083198,0.01866977846607881,0.0029887093828808095,0.04671151145845593
198,Risk-Parity,WDC,0.011489360969943732,0.0005057137046464129,0.010402466047174479,0.012765406229179885,0.0023629401820054064,0.044015825246448814
199,Risk-Parity,XOM,0.013216858772494561,0.001353635942211822,0.01246791815798261,0.01750003932728264,0.005032121169300031,0.10241737204825527
200,Simulated (Max Sharpe Ratio),ABT,0.027149894997623394,0.0230712940872012,0.006075180173480972,0.06044003784693372,0.05436485767345275,0.8497747077556204
201,Simulated (Max Sharpe Ratio),ADBE,0.013660149236343634,0.007693894226826982,0.0041787793859843275,0.02848511410519766,0.02430633471921333,0.5632364693613245
202,Simulated (Max Sharpe Ratio),ADI,0.007784322760028643,0.009077351839976943,0.0009397697877603872,0.02260207449206237,0.02166230470430198,1.1661068174854998
203,Simulated (Max Sharpe Ratio),ADP,0.01575905988017094,0.011158044847116645,0.0017606226443828408,0.025463029544105256,0.023702406899722413,0.7080400056831063
204,Simulated (Max Sharpe Ratio),AMAT,0.09183056002016542,0.06366529742439812,0.03130184936147195,0.18549765443470378,0.15419580507323183,0.6932909633831877
205,Simulated (Max Sharpe Ratio),AME,0.016686058969884243,0.014679665312966335,5.3620465659333526e-05,0.031152836704235132,0.031099216238575797,0.8797562887354564
206,Simulated (Max Sharpe Ratio),AXP,0.017663849481891418,0.008925212097270865,0.0023196336580829915,0.031219311664476307,0.028899678006393315,0.5052812585626248
207,Simulated (Max Sharpe Ratio),BA,0.006740350021606698,0.005778298147883206,0.0008597400722378921,0.01572086044345872,0.014861120371220829,0.8572697455414685
208,Simulated (Max Sharpe Ratio),CL,0.006911609627370387,0.005813871488552602,0.0013910721234982716,0.015829756258529833,0.014438684135031563,0.8411747482857428
209,Simulated (Max Sharpe Ratio),COF,0.017978392125362175,0.010140150458045305,0.001524162437586468,0.032816290510533114,0.031292128072946644,0.5640187613741366
210,Simulated (Max Sharpe Ratio),CSCO,0.010143097675509085,0.008009170035483546,0.0007097161949375331,0.020559652309100358,0.019849936114162824,0.7896177569917332
211,Simulated (Max Sharpe Ratio),CVX,0.0060290753554351414,0.003367954247435377,0.0017616698086501726,0.010452101811707288,0.008690432003057115,0.558618701688511
212,Simulated (Max Sharpe Ratio),DD,0.01910153627646659,0.022547830540996745,0.0035731835038384247,0.0563774884253772,0.05280430492153878,1.1804197429280097
213,Simulated (Max Sharpe Ratio),DELL,0.0734143527922596,0.041227548171238845,0.0007682858442878438,0.12043812079169251,0.11966983494740467,0.5615734063324148
214,Simulated (Max Sharpe Ratio),FDX,0.019075790412822695,0.013672561853022656,0.0025298995667370483,0.035810252904393325,0.03328035333765628,0.7167494272652523
215,Simulated (Max Sharpe Ratio),GE,0.02537396668551206,0.026259307539902972,0.0034257437555110302,0.06743338651018621,0.06400764275467519,1.034891700827227
216,Simulated (Max Sharpe Ratio),GILD,0.014838922109353067,0.013232567315138886,0.004044080473256699,0.04614756736267494,0.04210348688941824,0.8917472049265839
217,Simulated (Max Sharpe Ratio),GM,0.0450104290242479,0.029435048918720078,0.0028968659946651603,0.08106293645418537,0.07816607045952022,0.6539606388302344
218,Simulated (Max Sharpe Ratio),GS,0.020175114343212872,0.013097992141767701,0.004463691799812761,0.04850603900995952,0.04404234721014676,0.6492152618789994
219,Simulated (Max Sharpe Ratio),HAS,0.015138283806131837,0.0118128652464865,0.002438581624184565,0.029843719216715848,0.027405137592531284,0.7803305445827116
220,Simulated (Max Sharpe Ratio),IBM,0.012398094440965594,0.011422616769249506,0.0024211703998619155,0.030462180499800626,0.02804101009993871,0.9213203548044505
221,Simulated (Max Sharpe Ratio),INTC,0.005159766515780903,0.0027386371214108483,0.0033385712064063875,0.01360483481567381,0.010266263609267422,0.5307676448216903
222,Simulated (Max Sharpe Ratio),JBL,0.008067407776712941,0.008781487706739439,0.001180226637261883,0.03440477321511766,0.03322454657785578,1.0885141732995984
223,Simulated (Max Sharpe Ratio),JNJ,0.003932434945475692,0.003511251049809425,0.0007894275347382215,0.00870711515025071,0.00791768761551249,0.8928948853557404
224,Simulated (Max Sharpe Ratio),JPM,0.015665111905124155,0.003141699967706791,0.01207129620188739,0.021631122613691822,0.009559826411804433,0.20055394348502045
225,Simulated (Max Sharpe Ratio),KLAC,0.019808687824681082,0.021478750695036405,0.000569213503701526,0.08231953378193868,0.08175032027823716,1.0843096163227162
226,Simulated (Max Sharpe Ratio),KMB,0.021063823074967444,0.01205368214956788,0.005726754998990304,0.04446131156173385,0.03873455656274355,0.57224569854523
227,Simulated (Max Sharpe Ratio),LMT,0.007339751190585399,0.007844387100340215,0.00098512060193479,0.018810727682589904,0.017825607080655115,1.0687538169416568
228,Simulated (Max Sharpe Ratio),LOW,0.02617097550852467,0.033176373363839044,0.005109232230172634,0.08043631424699928,0.07532708201682664,1.267678132709746
229,Simulated (Max Sharpe Ratio),MA,0.01816151787491148,0.015226465743318098,0.006515484134835199,0.04290691712125789,0.03639143298642269,0.8383916943611913
230,Simulated (Max Sharpe Ratio),MKC,0.018987273577668506,0.014241477553263888,0.004923839489196358,0.05562409361353129,0.05070025412433493,0.7500538450140473
231,Simulated (Max Sharpe Ratio),MMM,0.012990114769632084,0.020029511660797104,0.00014597529505257123,0.06545463087785679,0.06530865558280421,1.5419041337203208
232,Simulated (Max Sharpe Ratio),MRK,0.023164848631152517,0.016820829385319664,0.004339981732305108,0.051986955019382185,0.04764697328707708,0.7261359507740837
233,Simulated (Max Sharpe Ratio),MS,0.007945869377726768,0.005837969593441826,0.002155262180396826,0.01663798288113049,0.014482720700733665,0.7347175388770373
234,Simulated (Max Sharpe Ratio),MU,0.023609656968258255,0.020189460763747665,0.0006591802721931777,0.05291146497379148,0.0522522847015983,0.855135709548477
235,Simulated (Max Sharpe Ratio),NEM,0.00898866629704794,0.00410137760597976,0.0027424878758304503,0.01499873382643451,0.01225624595060406,0.45628322049587444
236,Simulated (Max Sharpe Ratio),OLN,0.05654523002201558,0.017385899683208136,0.03271178319359233,0.08811617091471148,0.05540438772111915,0.3074689001431072
237,Simulated (Max Sharpe Ratio),PG,0.011847855034050732,0.009999392845709552,0.0018242082350373894,0.026625893447363096,0.024801685212325706,0.8439833891427013
238,Simulated (Max Sharpe Ratio),PH,0.03314632620152253,0.020609351535800645,0.0042872957250597084,0.049897890095690775,0.045610594370631065,0.6217688020838334
239,Simulated (Max Sharpe Ratio),PPG,0.04349288277764773,0.04097608897093999,0.0004916417905451048,0.09793396790293253,0.09744232611238743,0.9421332032743253
240,Simulated (Max Sharpe Ratio),QCOM,0.011158631683844998,0.008914394826432546,0.0014067474647732026,0.03520400715291738,0.03379725968814418,0.7988788481421459
241,Simulated (Max Sharpe Ratio),RTX,0.003998193968206199,0.004595465573180331,8.839535119813353e-05,0.012814024053748528,0.012725628702550396,1.1493853499164024
242,Simulated (Max Sharpe Ratio),SPGI,0.023207634296912787,0.012560324439114808,0.0010974638226131613,0.03656748999978449,0.035470026177171335,0.5412152000682661
243,Simulated (Max Sharpe Ratio),T,0.02289594261334694,0.012296148635422286,0.0017633743228703891,0.04616034816586727,0.04439697384299688,0.5370448748528213
244,Simulated (Max Sharpe Ratio),TMUS,0.027043429374515326,0.03283461917964893,0.0015251431965082175,0.07476859588111039,0.07324345268460217,1.2141440615734556
245,Simulated (Max Sharpe Ratio),TXN,0.023207018657697576,0.012017108541271098,0.0004546296799669667,0.03695324088895369,0.03649861120898672,0.5178221605507747
246,Simulated (Max Sharpe Ratio),UNP,0.009365340871864759,0.006390684209774569,0.0006932969960951653,0.02277796370832975,0.022084666712234587,0.6823760391865056
247,Simulated (Max Sharpe Ratio),V,0.01703708305924805,0.011811084752822061,0.0030392863139295893,0.02939737826009112,0.02635809194616153,0.6932574497493444
248,Simulated (Max Sharpe Ratio),WDC,0.008525922177458675,0.011889763954037041,0.002595140966712654,0.0453601262515209,0.042764985284808245,1.3945428666322905
249,Simulated (Max Sharpe Ratio),XOM,0.004609692981054909,0.003956850561426357,0.0007176178977995212,0.012034595340817768,0.011316977443018248,0.8583761603404765
